course_id,day,time,classroom
11001CL0126-*,四,3,C2-106
11001CL0126-*,四,4,C2-106
11001CL0126-*,二,2,C2-106
11002CL0127-A,三,3,C2-101
11002CL0127-A,三,4,C2-101
11002CL0127-A,一,5,C2-101
11003CL0127-B,四,3,C2-101
11003CL0127-B,四,4,C2-101
11003CL0127-B,二,2,C2-101
11004CL0127-C,五,3,C2-101
11004CL0127-C,五,4,C2-101
11004CL0127-C,三,5,C2-101
11005CL0128-*,三,3,C2-113
11005CL0128-*,三,4,C2-113
11005CL0128-*,五,5,C2-113
11006CL0131-*,三,3,C2-110
11006CL0131-*,三,4,C2-110
11006CL0131-*,一,5,C2-110
11007CL0132-*,二,2,C2-110
11007CL0132-*,四,3,C2-110
11007CL0132-*,四,4,C2-110
11008CL0133-*,一,6,C2-110
11008CL0133-*,五,3,TR-A205
11008CL0133-*,五,4,TR-A205
11009CL0134-*,三,3,C2-107
11009CL0134-*,三,4,C2-107
11009CL0134-*,一,5,C2-107
11010CL0137-*,五,3,C2-110
11010CL0137-*,五,4,C2-110
11010CL0137-*,三,5,C2-110
11011CL0139-*,三,3,C2-106
11011CL0139-*,三,4,C2-106
11011CL0139-*,一,5,C2-106
11012CL0143-*,四,3,C2-111
11012CL0143-*,四,4,C2-111
11012CL0143-*,二,2,C2-111
11013CL0144-*,三,3,TR-A204
11013CL0144-*,三,4,TR-A204
11013CL0144-*,五,5,C2-106
11014CL0148-*,五,3,TR-A204
11014CL0148-*,五,4,TR-A204
11014CL0148-*,三,5,C2-113
11015CL0149-*,二,2,C2-113
11015CL0149-*,四,3,C2-113
11015CL0149-*,四,4,C2-113
11016CL0151-*,五,3,C2-106
11016CL0151-*,五,4,C2-106
11016CL0151-*,三,5,C2-106
11017CL0201-A,四,3,A-103
11017CL0201-A,四,4,A-103
11018CL0201-B,四,3,A-109
11018CL0201-B,四,4,A-109
11019CL0201-C,三,3,A-109
11019CL0201-C,三,4,A-109
11020CL0201-D,三,3,A-103
11020CL0201-D,三,4,A-103
11021CL0201-E,三,3,A-105
11021CL0201-E,三,4,A-105
11022CL0201-F,三,3,TR-A206
11022CL0201-F,三,4,TR-A206
11023CL0201-G,三,3,TR-A202
11023CL0201-G,三,4,TR-A202
11024CL0201-H,三,3,A-112
11024CL0201-H,三,4,A-112
11025CL0201-I,四,3,TR-A202
11025CL0201-I,四,4,TR-A202
11026CL0201-J,四,3,S1-518
11026CL0201-J,四,4,S1-518
11027CL0201-K,四,3,TR-A206
11027CL0201-K,四,4,TR-A206
11028CL0201-L,四,3,A-112
11028CL0201-L,四,4,A-112
11029CL0201-M,四,3,E-134
11029CL0201-M,四,4,E-134
11030CL0201-N,四,3,E-358
11030CL0201-N,四,4,E-358
11031CL0201-O,五,3,A-103
11031CL0201-O,五,4,A-103
11032CL0201-P,五,3,A-109
11032CL0201-P,五,4,A-109
11033CL0201-Q,五,3,M-327
11033CL0201-Q,五,4,M-327
11034CL0201-R,五,3,E2-305
11034CL0201-R,五,4,E2-305
11035CL0201-S,五,3,E2-306
11035CL0201-S,五,4,E2-306
11036CL0201-T,五,3,E2-307
11036CL0201-T,五,4,E2-307
11037CL0201-U,五,3,M-328
11037CL0201-U,五,4,M-328
11038CL0201-V,五,3,TR-A202
11038CL0201-V,五,4,TR-A202
11039CL0201-W,五,3,I1-307
11039CL0201-W,五,4,I1-307
11040CL0201-X,五,3,I1-309
11040CL0201-X,五,4,I1-309
11041CL0201-Y,五,3,S4-205
11041CL0201-Y,五,4,S4-205
11042CL0201-Z,五,3,TR-A206
11042CL0201-Z,五,4,TR-A206
11043CL1004-*,一,7,C2-106
11043CL1004-*,一,8,C2-106
11044CL1006-*,三,7,C2-107
11044CL1006-*,三,8,C2-107
11045CL1026-*,一,6,C2-106
11046CL1064-*,一,2,C2-107
11046CL1064-*,一,3,C2-107
11046CL1064-*,一,4,C2-107
11047CL1107-*,一,A,C2-111
11047CL1107-*,一,B,C2-111
11048CL2002-*,三,6,C2-106
11048CL2002-*,三,7,C2-106
11048CL2002-*,三,8,C2-106
11049CL2004-*,三,3,C2-111
11049CL2004-*,三,4,C2-111
11050CL2006-*,五,2,C2-111
11050CL2006-*,五,3,C2-111
11050CL2006-*,五,4,C2-111
00080LN1008-A,二,7,O-211
00080LN1008-A,二,8,O-211
00080LN1008-A,四,5,O-211
00081LN1008-B,二,7,A-109
00081LN1008-B,二,8,A-109
00081LN1008-B,四,5,A-109
00082LN1008-C,二,7,E1-134
00082LN1008-C,二,8,E1-134
00082LN1008-C,四,5,E1-136
01010PE1022-J,三,1,YH-YH-1
01010PE1022-J,三,2,YH-YH-1
08026SC0004-1,一,A,C2-106
08026SC0004-1,一,B,C2-106
11053CL2046-*,三,7,C2-113
11053CL2046-*,三,8,C2-113
11054CL2069-*,二,7,C2-110
11054CL2069-*,二,8,C2-110
11054CL2069-*,二,9,C2-110
11056CL3077-*,一,6,C2-107
11056CL3077-*,一,7,C2-107
11056CL3077-*,一,8,C2-107
11057CL3083-*,二,5,C2-106
11057CL3083-*,二,6,C2-106
11057CL3083-*,二,7,C2-106
11058CL3143-*,三,5,C2-111
11058CL3143-*,三,6,C2-111
11058CL3143-*,三,7,C2-111
11059CL3144-*,五,2,C2-107
11059CL3144-*,五,3,C2-107
11059CL3144-*,五,4,C2-107
11066CL4065-*,四,6,C2-113
11066CL4065-*,四,7,C2-113
11066CL4065-*,四,8,C2-113
11067CL4090-*,五,2,C2-113
11067CL4090-*,五,3,C2-113
11067CL4090-*,五,4,C2-113
11068CL4096-*,四,6,C2-107
11068CL4096-*,四,7,C2-107
11068CL4096-*,四,8,C2-107
11051CL2008-*,二,5,C2-111
11051CL2008-*,二,6,C2-111
11052CL2043-*,五,5,C2-111
11052CL2043-*,五,6,C2-111
11055CL3066-*,一,7,C2-111
11055CL3066-*,一,8,C2-111
11060CL3160-*,四,5,C2-111
11060CL3160-*,四,6,C2-111
11060CL3160-*,四,7,C2-111
11062CL3163-*,一,3,C2-110
11062CL3163-*,一,4,C2-110
11063CL3165-*,二,5,C2-113
11063CL3165-*,二,6,C2-113
11065CL4004-*,四,2,C2-107
11065CL4004-*,四,3,C2-107
11065CL4004-*,四,4,C2-107
11069CL4104-*,一,6,C2-113
11069CL4104-*,一,7,C2-113
11069CL4104-*,一,8,C2-113
11070CL6116-*,一,2,C2-412
11070CL6116-*,一,3,C2-412
11070CL6116-*,一,4,C2-412
11085CL6124-*,二,2,C2-412
11085CL6124-*,二,3,C2-412
11085CL6124-*,二,4,C2-412
11064CL4002-*,二,7,C2-107
11064CL4002-*,二,8,C2-107
01011PE1022-K,三,3,YH-YH-1
01011PE1022-K,三,4,YH-YH-1
08001SC0004-A,三,9,C2-114
08001SC0004-A,三,A,C2-114
12001EL1035-*,一,2,C2-109
12001EL1035-*,一,3,C2-109
12001EL1035-*,一,4,C2-109
12002EL1066-*,一,5,A-116
12002EL1066-*,一,6,A-116
12002EL1066-*,一,7,A-116
12003EL1203-*,三,6,A-110
12003EL1203-*,三,7,A-110
12003EL1203-*,三,8,A-110
12004EL1204-A,四,6,A-116
12004EL1204-A,四,7,A-116
12004EL1204-A,四,8,A-116
12005EL1204-B,四,6,A-105
12005EL1204-B,四,7,A-105
12005EL1204-B,四,8,A-105
12006EL1204-C,四,6,A-110
12006EL1204-C,四,7,A-110
12006EL1204-C,四,8,A-110
12008EL2014-*,五,5,A-116
12008EL2014-*,五,6,A-116
12008EL2014-*,五,7,A-116
12021EL4088-*,二,6,C2-109
12021EL4088-*,二,7,C2-109
12021EL4088-*,二,8,C2-109
12007EL2005-*,二,6,C2-114
12007EL2005-*,二,7,C2-114
12007EL2005-*,二,8,C2-114
12009EL2074-*,四,2,A-105
12009EL2074-*,四,3,A-105
12009EL2074-*,四,4,A-105
12010EL2077-*,四,5,C2-102
12010EL2077-*,四,6,C2-102
12010EL2077-*,四,7,C2-102
12012EL3035-*,五,5,A-105
12012EL3035-*,五,6,A-105
12012EL3035-*,五,7,A-105
12015EL3105-*,三,6,A-116
12015EL3105-*,三,7,A-116
12015EL3105-*,三,8,A-116
12011EL3019-*,三,6,A-105
12011EL3019-*,三,7,A-105
12011EL3019-*,三,8,A-105
12013EL3071-*,四,2,A-110
12013EL3071-*,四,3,A-110
12013EL3071-*,四,4,A-110
12014EL3101-*,五,5,C2-102
12014EL3101-*,五,6,C2-102
12014EL3101-*,五,7,C2-102
12016EL3202-*,一,2,A-110
12016EL3202-*,一,3,A-110
12016EL3202-*,一,4,A-110
12017EL3204-*,三,2,A-116
12017EL3204-*,三,3,A-116
12017EL3204-*,三,4,A-116
12018EL4049-*,四,6,C2-109
12018EL4049-*,四,7,C2-109
12018EL4049-*,四,8,C2-109
12019EL4069-*,一,6,C2-114
12019EL4069-*,一,7,C2-114
12019EL4069-*,一,8,C2-114
12020EL4082-*,三,2,A-110
12020EL4082-*,三,3,A-110
12020EL4082-*,三,4,A-110
12022EL4100-*,三,6,C2-114
12022EL4100-*,三,7,C2-114
12022EL4100-*,三,8,C2-114
12023EL4201-*,四,2,C2-102
12023EL4201-*,四,3,C2-102
12023EL4201-*,四,4,C2-102
12024EL4202-*,五,2,A-105
12024EL4202-*,五,3,A-105
12024EL4202-*,五,4,A-105
12025EL5000-*,五,5,C2-437
12025EL5000-*,五,6,C2-437
12025EL5000-*,五,7,C2-437
12026EL5055-*,三,5,C2-102
12026EL5055-*,三,6,C2-102
12026EL5055-*,三,7,C2-102
12027EL5078-*,四,6,A-112
12027EL5078-*,四,7,A-112
12027EL5078-*,四,8,A-112
12028EL5081-*,二,5,C2-437
12028EL5081-*,二,6,C2-437
12028EL5081-*,二,7,C2-437
01025PE1022-Y,五,5,YH-YH-1
01025PE1022-Y,五,6,YH-YH-1
08002SC0004-B,四,1,C2-112
08002SC0004-B,四,2,C2-112
13002FR1020-A,四,7,A-226
13002FR1020-A,四,8,A-226
13003FR1020-B,四,7,C2-216
13003FR1020-B,四,8,C2-216
13004FR1020-C,四,7,C2-201
13004FR1020-C,四,8,C2-201
13005FR1024-A,三,5,C2-217
13005FR1024-A,三,6,C2-217
13005FR1024-A,五,3,C2-217
13005FR1024-A,五,4,C2-217
13006FR1024-B,三,5,C2-103
13006FR1024-B,三,6,C2-103
13006FR1024-B,五,3,C2-103
13006FR1024-B,五,4,C2-103
13007FR1034-A,一,3,C2-103
13007FR1034-A,一,4,C2-103
13007FR1034-A,四,3,C2-103
13007FR1034-A,四,4,C2-103
13008FR1034-B,一,3,C2-112
13008FR1034-B,一,4,C2-112
13008FR1034-B,四,3,C2-112
13008FR1034-B,四,4,C2-112
13009FR1040-*,三,1,C2-112
13009FR1040-*,三,2,C2-112
13010FR2018-*,二,1,C2-112
13010FR2018-*,二,2,C2-112
13011FR2030-A,一,5,A-226
13011FR2030-A,一,6,A-226
13012FR2030-B,一,5,C2-103
13012FR2030-B,一,6,C2-103
13013FR2030-C,一,5,C2-217
13013FR2030-C,一,6,C2-217
13014FR2032-A,四,5,C2-217
13014FR2032-A,四,6,C2-217
13015FR2032-B,四,5,C2-216
13015FR2032-B,四,6,C2-216
13016FR2035-*,三,7,C2-217
13016FR2035-*,三,8,C2-217
13017FR2036-*,三,7,C2-201
13017FR2036-*,三,8,C2-201
13018FR2040-A,三,3,C2-112
13018FR2040-A,三,4,C2-112
13019FR2040-B,三,3,C2-217
13019FR2040-B,三,4,C2-217
13020FR2044-A,一,7,A-226
13020FR2044-A,一,8,A-226
13021FR2044-B,一,7,C2-112
13021FR2044-B,一,8,C2-112
13022FR2046-*,四,3,C2-216
13022FR2046-*,四,4,C2-216
13023FR2052-*,五,5,C2-217
13023FR2052-*,五,6,C2-217
13023FR2052-*,五,7,C2-217
13024FR2053-*,二,5,C2-201
13024FR2053-*,二,6,C2-201
13033FR3051-*,二,7,A-226
13033FR3051-*,二,8,A-226
13034FR3069-*,一,2,A-226
13034FR3069-*,一,3,A-226
13034FR3069-*,一,4,A-226
13035FR3080-*,四,7,C2-112
13035FR3080-*,四,8,C2-112
13040FR4028-*,一,3,C2-108
13040FR4028-*,一,4,C2-108
13001FR0003-*,二,7,C2-216
13001FR0003-*,二,8,C2-216
13025FR3014-*,四,5,C2-112
13025FR3014-*,四,6,C2-112
13026FR3018-*,二,5,A-226
13026FR3018-*,二,6,A-226
13027FR3042-A,四,3,A-226
13027FR3042-A,四,4,A-226
13028FR3042-B,四,3,C2-217
13028FR3042-B,四,4,C2-217
13029FR3044-A,四,7,C2-217
13029FR3044-A,四,8,C2-217
13030FR3044-B,四,7,C2-103
13030FR3044-B,四,8,C2-103
13031FR3047-*,三,3,C2-216
13031FR3047-*,三,4,C2-216
13032FR3048-*,三,3,A-226
13032FR3048-*,三,4,A-226
13036FR3095-*,五,5,A-226
13036FR3095-*,五,6,A-226
13036FR3095-*,五,7,A-226
13037FR3104-*,三,7,A-226
13037FR3104-*,三,8,A-226
13038FR3105-*,三,5,C2-216
13038FR3105-*,三,6,C2-216
13038FR3105-*,三,7,C2-216
13039FR4025-*,一,3,C2-216
13039FR4025-*,一,4,C2-216
13041FR4088-*,五,2,C2-216
13041FR4088-*,五,3,C2-216
13041FR4088-*,五,4,C2-216
13042FR4104-*,四,Z,C2-218
13042FR4104-*,五,Z,C2-218
13044FR5093-*,一,5,C2-218
13044FR5093-*,一,6,C2-218
13044FR5093-*,一,7,C2-218
14001PD4101-*,三,2,A-108
14001PD4101-*,三,3,A-108
14001PD4101-*,三,4,A-108
14002PD4151-*,一,6,A-104
14002PD4151-*,一,7,A-104
14002PD4151-*,一,8,A-104
14003PD4153-*,四,2,A-104
14003PD4153-*,四,3,A-104
14003PD4153-*,四,4,A-104
14004PD4406-*,二,6,A-104
14004PD4406-*,二,7,A-104
14004PD4406-*,二,8,A-104
15001HI2902-*,三,6,A-104
15001HI2902-*,三,7,A-104
15001HI2902-*,三,8,A-104
16001AR0028-*,三,6,C2-204
16001AR0028-*,三,7,C2-204
16001AR0028-*,三,8,C2-204
16002AR0035-*,四,6,C2-204
16002AR0035-*,四,7,C2-204
16002AR0035-*,四,8,C2-204
18001IL1002-*,五,2,A-106
18001IL1002-*,五,3,A-106
18001IL1002-*,五,4,A-106
18002IL1003-*,三,2,C2-104
18002IL1003-*,三,3,C2-104
18002IL1003-*,三,4,C2-104
18003IL2403-*,三,5,C2-112
18003IL2403-*,三,6,C2-112
18003IL2403-*,三,7,C2-112
18004IL4201-*,四,2,C2-104
18004IL4201-*,四,3,C2-104
18004IL4201-*,四,4,C2-104
18005IL4402-*,一,5,A-107
18005IL4402-*,一,6,A-107
18005IL4402-*,一,7,A-107
18006IL4409-*,二,5,C2-104
18006IL4409-*,二,6,C2-104
18006IL4409-*,二,7,C2-104
18007IL4410-*,四,6,C2-104
18007IL4410-*,四,7,C2-104
18007IL4410-*,四,8,C2-104
18008IL4601-*,一,3,C2-104
18008IL4601-*,一,4,C2-104
08030SC0004-9,二,Z,C2-104
08030SC0004-9,二,9,C2-104
06001EP1002-*,一,3,LS-502
06001EP1002-*,一,4,LS-502
06002EP1011-*,三,5,LS-519
06002EP1011-*,三,6,LS-519
06003EP1035-*,一,7,LS-518
06003EP1035-*,一,8,LS-518
06004EP2002-*,二,5,LS-518
06004EP2002-*,二,6,LS-518
06005EP2006-*,四,5,LS-519
06005EP2006-*,四,6,LS-519
06006EP2021-*,三,3,LS-419
06006EP2021-*,三,4,LS-419
06007EP2030-*,五,3,LS-502
06007EP2030-*,五,4,LS-502
06008EP2042-*,五,5,LS-502
06008EP2042-*,五,6,LS-502
06009EP2044-*,四,3,LS-502
06009EP2044-*,四,4,LS-502
06010EP2047-*,一,5,LS-519
06010EP2047-*,一,6,LS-519
06011EP3001-A,三,2,LS-405
06011EP3001-A,三,3,LS-405
06011EP3001-A,三,4,LS-405
06012EP3001-B,四,A,LS-502
06012EP3001-B,四,B,LS-502
06012EP3001-B,四,C,LS-502
06013EP3001-C,三,2,LS-518
06013EP3001-C,三,3,LS-518
06013EP3001-C,三,4,LS-518
06014EP3001-D,二,2,LS-519
06014EP3001-D,二,3,LS-519
06014EP3001-D,二,4,LS-519
06015EP3001-E,一,7,HK-302
06015EP3001-E,一,8,HK-302
06015EP3001-E,一,9,HK-302
06016EP3044-*,二,7,LS-519
06016EP3044-*,二,8,LS-519
92001SH5002-*,二,2,IL-112
92001SH5002-*,二,3,IL-112
92001SH5002-*,二,4,IL-112
92002SH5004-*,四,2,IL-116
92002SH5004-*,四,3,IL-116
92002SH5004-*,四,4,IL-116
92003SH5006-*,一,7,IL-113
92003SH5006-*,一,8,IL-113
92003SH5006-*,一,9,IL-113
21001MA1002-A,二,1,M-429
21001MA1002-A,二,2,M-429
21001MA1002-A,四,3,M-429
21001MA1002-A,四,4,M-429
21002MA1002-B,二,1,M-328
21002MA1002-B,二,2,M-328
21002MA1002-B,四,3,M-328
21002MA1002-B,四,4,M-328
21019MA1009-*,五,6,M-430
21019MA1009-*,五,7,M-430
21019MA1009-*,五,8,M-430
21021MA1018-*,一,7,M-429
21021MA1018-*,一,8,M-429
21021MA1018-*,三,3,M-429
21023MA2008-A,二,7,M-218
21023MA2008-A,二,8,M-218
21023MA2008-A,四,5,M-218
21023MA2008-A,四,6,M-218
21024MA2008-B,二,7,M-219
21024MA2008-B,二,8,M-219
21024MA2008-B,四,5,M-219
21024MA2008-B,四,6,M-219
21025MA2011-*,二,2,M-219
21025MA2011-*,四,3,M-219
21025MA2011-*,四,4,M-219
21027MA2026-*,一,3,M-219
21027MA2026-*,一,4,M-219
21027MA2026-*,三,3,M-219
21027MA2026-*,三,4,M-219
21028MA2042-*,一,6,M-327
21028MA2042-*,一,7,M-327
21028MA2042-*,一,8,M-327
21029MA2044-*,一,7,M-219
21029MA2044-*,一,8,M-219
21029MA2044-*,四,2,M-201-4
21030MA2046-*,二,5,M-327
21030MA2046-*,二,6,M-327
21030MA2046-*,四,3,M-327
21030MA2046-*,四,4,M-327
21033MA2063-*,一,6,M-429
21033MA2063-*,三,5,M-429
21033MA2063-*,三,6,M-429
21039MA4072-A,三,Z,M-430
21045MA6044-*,三,5,M-327
21045MA6044-*,三,6,M-327
21045MA6044-*,三,7,M-327
21047MA6058-*,四,2,M-218
21047MA6058-*,四,3,M-218
21047MA6058-*,四,4,M-218
21048MA6065-*,三,2,M-218
21048MA6065-*,三,3,M-218
21048MA6065-*,三,4,M-218
21049MA6069-*,二,6,M-429
21049MA6069-*,二,7,M-429
21049MA6069-*,二,8,M-429
21050MA7066-*,二,7,M-328
21050MA7066-*,三,5,M-328
21050MA7066-*,三,6,M-328
21066MA4071-A,三,8,M-218
21069MA4071-B,四,6,M-327
24004LS1014-*,五,5,S5-111
24004LS1014-*,五,6,S5-111
24004LS1014-*,五,7,S5-111
00062LN1004-B,三,7,TR-A205
00062LN1004-B,三,8,TR-A205
00062LN1004-B,五,2,E1-134
00063LN1004-C,三,7,E1-135
00063LN1004-C,三,8,E1-135
00063LN1004-C,五,2,TR-A202
00064LN1004-D,三,7,E1-135
00064LN1004-D,三,8,E1-135
00064LN1004-D,五,2,TR-A205
00066LN1004-F,三,7,TR-A003
00066LN1004-F,三,8,TR-A003
00066LN1004-F,五,2,E1-135
00068LN1004-H,三,7,TR-A201
00068LN1004-H,三,8,TR-A201
00068LN1004-H,五,2,E1-136
00069LN1004-I,三,7,E1-136
00069LN1004-I,三,8,E1-136
00069LN1004-I,五,2,TR-A204
00070LN1004-J,三,7,E1-137
00070LN1004-J,三,8,E1-137
00070LN1004-J,五,2,E1-137
01023PE1022-W,三,5,YH-YH-1
01023PE1022-W,三,6,YH-YH-1
01026PE1022-Z,五,5,YH-YH-1
01026PE1022-Z,五,6,YH-YH-1
08003SC0004-C,一,Z,M-116
08003SC0004-C,三,Z,M-116
08004SC0004-D,二,Z,M-116
08004SC0004-D,四,Z,M-116
21020MA1013-*,一,6,M-201-4
21020MA1013-*,一,7,M-201-4
21020MA1013-*,一,8,M-201-4
22023PH1034-A,一,3,S1-503
22023PH1034-A,一,4,S1-503
22023PH1034-A,三,1,S1-503
22023PH1034-A,三,2,S1-503
22024PH1034-B,一,3,M-116
22024PH1034-B,一,4,M-116
22024PH1034-B,三,1,M-116
22024PH1034-B,三,2,M-116
23005CM1010-A,三,5,S1-503
23005CM1010-A,三,6,S1-503
23005CM1010-A,五,3,S1-503
23005CM1010-A,五,4,S1-503
23006CM1010-B,三,7,S1-503
23006CM1010-B,三,8,S1-503
23006CM1010-B,五,1,S1-503
23006CM1010-B,五,2,S1-503
21026MA2021-A,二,1,M-116
21026MA2021-A,四,1,M-116
21026MA2021-A,四,2,M-116
21031MA2050-*,二,5,M-116
21031MA2050-*,二,6,M-116
21031MA2050-*,五,3,M-116
21031MA2050-*,五,4,M-116
21032MA2060-*,二,2,M-116
21034MA3034-*,一,2,M-218
21034MA3034-*,一,3,M-218
21034MA3034-*,一,4,M-218
21035MA3113-*,二,8,M-430
21035MA3113-*,三,7,M-430
21035MA3113-*,三,8,M-430
21036MA3123-*,二,7,M-327
21036MA3123-*,三,3,M-327
21036MA3123-*,三,4,M-327
21037MA3133-*,一,1,M-328
21037MA3133-*,一,2,M-328
21037MA3133-*,一,3,M-328
21038MA4005-*,三,5,M-219
21038MA4005-*,三,6,M-219
21038MA4005-*,三,7,M-219
21040MA4094-*,一,3,M-327
21040MA4094-*,一,4,M-327
21040MA4094-*,四,5,M-327
21041MA5007-*,二,5,M-429
21041MA5007-*,四,5,M-429
21041MA5007-*,四,6,M-429
21043MA5041-*,五,1,M-219
21043MA5041-*,五,2,M-219
21043MA5041-*,五,3,M-219
21044MA5043-*,三,2,M-328
21044MA5043-*,三,3,M-328
21044MA5043-*,三,4,M-328
21059MA7102-*,一,1,M-219
21059MA7102-*,一,2,M-219
21059MA7102-*,三,1,M-219
21063MA8020-*,五,2,M-218
21063MA8020-*,五,3,M-218
21063MA8020-*,五,4,M-218
21064MA8022-*,五,6,M-328
21064MA8022-*,五,7,M-328
21064MA8022-*,五,8,M-328
21022MA1052-*,二,9,M-218
21005MA1002-E,二,1,S4-202
21005MA1002-E,二,2,S4-202
21005MA1002-E,四,3,S4-202
21005MA1002-E,四,4,S4-202
21006MA1002-F,一,5,E1-109
21006MA1002-F,一,6,E1-109
21006MA1002-F,三,3,E1-109
21006MA1002-F,三,4,E1-109
01012PE1022-L,一,7,YH-YH-1
01012PE1022-L,一,8,YH-YH-1
08005SC0004-E,五,3,S4-204
08005SC0004-E,五,4,S4-204
22010PH1028-A,一,3,S4-205
22010PH1028-A,一,4,S4-205
22010PH1028-A,三,1,S4-205
22010PH1028-A,三,2,S4-205
22011PH1028-B,一,3,S4-202
22011PH1028-B,一,4,S4-202
22011PH1028-B,三,1,S4-202
22011PH1028-B,三,2,S4-202
22012PH1030-A,四,5,S4-302
22012PH1030-A,四,6,S4-302
22012PH1030-A,四,7,S4-302
22012PH1030-A,四,8,S4-302
22012PH1030-A,四,9,S4-302
22012PH1030-A,四,A,S4-302
22012PH1030-A,四,B,S4-302
22013PH1030-B,四,5,S4-304
22013PH1030-B,四,6,S4-304
22013PH1030-B,四,7,S4-304
22013PH1030-B,四,8,S4-304
22013PH1030-B,四,9,S4-304
22013PH1030-B,四,A,S4-304
22013PH1030-B,四,B,S4-304
22014PH1030-C,四,5,S4-306
22014PH1030-C,四,6,S4-306
22014PH1030-C,四,7,S4-306
22014PH1030-C,四,8,S4-306
22014PH1030-C,四,9,S4-306
22014PH1030-C,四,A,S4-306
22014PH1030-C,四,B,S4-306
22029PH1044-*,二,6,S4-202
22029PH1044-*,二,7,S4-202
22029PH1044-*,二,8,S4-202
23003CM1008-A,四,5,S2-201
23003CM1008-A,四,6,S2-201
23003CM1008-A,四,7,S2-201
23004CM1008-B,五,6,S2-201
23004CM1008-B,五,7,S2-201
23004CM1008-B,五,8,S2-201
22030PH2004-*,二,5,S4-204
22030PH2004-*,四,3,S4-204
22030PH2004-*,四,4,S4-204
22031PH2010-*,一,3,S4-203
22031PH2010-*,一,4,S4-203
22031PH2010-*,三,2,S4-203
22032PH2030-A,三,5,S4-203
22032PH2030-A,三,6,S4-203
22032PH2030-A,三,7,S4-203
22032PH2030-A,三,8,S4-203
22032PH2030-A,三,9,S4-203
22032PH2030-A,三,A,S4-302
22032PH2030-A,三,B,S4-302
22033PH2030-B,三,5,S4-205
22033PH2030-B,三,6,S4-205
22033PH2030-B,三,7,S4-205
22033PH2030-B,三,8,S4-205
22033PH2030-B,三,9,S4-205
22033PH2030-B,三,A,S4-304
22033PH2030-B,三,B,S4-304
22034PH2030-C,三,5,S4-306
22034PH2030-C,三,6,S4-306
22034PH2030-C,三,7,S4-306
22034PH2030-C,三,8,S4-306
22034PH2030-C,三,9,S4-306
22034PH2030-C,三,A,S4-306
22034PH2030-C,三,B,S4-306
22035PH2034-*,一,7,S4-205
22035PH2034-*,一,8,S4-205
22035PH2034-*,四,2,S4-205
22036PH3009-A,一,2,S4-202
22036PH3009-A,三,3,S4-202
22036PH3009-A,三,4,S4-202
22037PH3009-B,一,2,S4-203
22037PH3009-B,三,3,S4-203
22037PH3009-B,三,4,S4-203
22038PH3016-*,一,1,*-***
22038PH3016-*,二,1,*-***
22038PH3016-*,二,2,*-***
22039PH3018-*,三,Z,*-***
22039PH3018-*,四,Z,*-***
22039PH3018-*,五,Z,*-***
22040PH3042-*,五,6,S4-204
22040PH3042-*,五,7,S4-204
22040PH3042-*,五,8,S4-204
22041PH3046-*,二,5,S4-202
22041PH3046-*,五,3,S4-202
22041PH3046-*,五,4,S4-202
22042PH3054-*,一,6,S4-205
22042PH3054-*,三,3,S4-205
22042PH3054-*,三,4,S4-205
22043PH3057-*,一,3,S4-625
22043PH3057-*,一,4,S4-625
22043PH3057-*,四,7,S4-625
22043PH3057-*,四,8,S4-625
22044PH3064-*,五,6,S4-205
22044PH3064-*,五,7,S4-205
22044PH3064-*,五,8,S4-205
22044PH3064-*,五,9,S4-205
22044PH3064-*,五,A,S4-205
22045PH3066-*,三,5,S4-202
22045PH3066-*,三,6,S4-202
22045PH3066-*,三,7,S4-202
22048PH4035-*,一,5,S4-205
22048PH4035-*,四,3,S4-205
22048PH4035-*,四,4,S4-205
22049PH4066-*,一,3,S4-623
22049PH4066-*,一,4,S4-623
22049PH4066-*,二,2,S4-623
22046PH4016-*,一,1,*-***
22046PH4016-*,二,1,*-***
22046PH4016-*,二,2,*-***
22047PH4018-*,三,Z,*-***
22047PH4018-*,四,Z,*-***
22047PH4018-*,五,Z,*-***
23007CM2011-*,二,1,S1-503
23007CM2011-*,二,2,S1-503
23018CM4004-*,一,5,*-***
23018CM4004-*,一,6,*-***
23018CM4004-*,一,7,*-***
23018CM4004-*,一,8,*-***
23018CM4004-*,一,9,*-***
23018CM4004-*,一,A,*-***
23019CM4006-*,一,5,*-***
23019CM4006-*,一,6,*-***
23019CM4006-*,一,7,*-***
23019CM4006-*,一,8,*-***
23019CM4006-*,一,9,*-***
23019CM4006-*,一,A,*-***
23028CM6029-*,四,3,S1-503
23028CM6029-*,四,4,S1-503
61042AP8021-*,四,7,HK-306
61042AP8021-*,四,8,HK-306
61042AP8021-*,四,9,HK-306
01015PE1022-O,四,1,YH-YH-1
01015PE1022-O,四,2,YH-YH-1
08006SC0004-F,二,9,S1-502
08006SC0004-F,二,A,S1-502
21003MA1002-C,二,1,TR-A001
21003MA1002-C,二,2,TR-A001
21003MA1002-C,四,3,TR-A001
21003MA1002-C,四,4,TR-A001
21004MA1002-D,二,1,TR-A002
21004MA1002-D,二,2,TR-A002
21004MA1002-D,四,3,TR-A002
21004MA1002-D,四,4,TR-A002
22006PH1004-X,一,5,S4-101
22006PH1004-X,一,6,S4-101
22006PH1004-X,一,7,S4-101
23001CM1002-X,三,5,S1-502
23001CM1002-X,三,6,S1-502
23001CM1002-X,四,5,S1-502
23001CM1002-X,四,6,S1-502
23002CM1004-X,二,5,S2-201
23002CM1004-X,二,6,S2-201
23002CM1004-X,二,7,S2-201
23008CM2012-*,一,3,S1-502
23008CM2012-*,一,4,S1-502
23009CM2022-*,三,1,S1-502
23009CM2022-*,三,2,S1-502
23009CM2022-*,五,3,S1-502
23009CM2022-*,五,4,S1-502
23010CM2032-*,二,7,S1-502
23010CM2032-*,二,8,S1-502
23010CM2032-*,四,1,S1-502
23010CM2032-*,四,2,S1-502
23011CM2082-*,三,5,S2-102
23011CM2082-*,三,6,S2-102
23011CM2082-*,三,7,S2-102
23011CM2082-*,三,8,S2-102
23011CM2082-*,三,9,S2-102
23011CM2082-*,三,A,S2-102
23020CM4032-*,四,7,S1-503
23020CM4032-*,四,8,S1-503
23020CM4032-*,四,9,S1-503
23012CM3042-*,一,1,S1-503
23012CM3042-*,一,2,S1-503
23012CM3042-*,三,3,S1-503
23012CM3042-*,三,4,S1-503
23013CM3044-*,一,5,S2-112
23013CM3044-*,一,6,S2-112
23013CM3044-*,一,7,S2-112
23013CM3044-*,一,8,S2-112
23013CM3044-*,一,9,S2-112
23013CM3044-*,一,A,S2-112
23014CM3052-*,二,1,S1-502
23014CM3052-*,二,2,S1-502
23014CM3052-*,四,3,S1-502
23014CM3052-*,四,4,S1-502
23015CM3068-*,三,7,S1-502
23015CM3068-*,三,8,S1-502
23015CM3068-*,三,9,S1-502
23021CM4038-*,四,7,S1-522
23021CM4038-*,四,8,S1-522
23021CM4038-*,四,9,S1-522
23030CM6034-*,二,7,S1-503
23030CM6034-*,二,8,S1-503
23030CM6034-*,二,9,S1-503
23016CM4002-A,二,5,S1-503
23016CM4002-A,二,6,S1-503
23017CM4002-B,二,5,S1-518
23017CM4002-B,二,6,S1-518
24007LS2004-*,二,5,S5-113
24007LS2004-*,二,6,S5-214
24007LS2004-*,二,7,S5-214
24014LS3018-*,三,3,S5-111
24014LS3018-*,三,4,S5-111
24014LS3018-*,四,3,S5-111
24014LS3018-*,四,4,S5-111
24016LS3036-*,四,5,S5-111
24016LS3036-*,四,6,S5-111
26003OS2001-*,二,Z,IL-116
26003OS2001-*,四,5,IL-116
26003OS2001-*,四,6,IL-116
28001JS1002-*,六,1,S4-204
28001JS1002-*,六,2,S4-204
28002JS3002-*,六,3,*-***
28002JS3002-*,六,4,*-***
28002JS3002-*,六,Z,*-***
28003JS3004-*,六,3,*-***
28003JS3004-*,六,4,*-***
28003JS3004-*,六,Z,*-***
28005JS4003-*,六,5,*-***
28006JS4005-*,六,6,*-***
28006JS4005-*,六,7,*-***
01016PE1022-P,四,1,YH-YH-1
01016PE1022-P,四,2,YH-YH-1
08028SC0004-3,六,3,*-***
08028SC0004-3,六,4,*-***
22002PH1004-H,一,5,S4-102
22002PH1004-H,一,6,S4-102
22002PH1004-H,一,7,S4-102
22015PH1032-A,一,3,IL-116
22015PH1032-A,一,4,IL-116
22015PH1032-A,三,1,IL-116
22015PH1032-A,三,2,IL-116
22019PH1032-E,一,7,E1-120
22019PH1032-E,一,8,E1-120
22019PH1032-E,四,1,E1-120
22019PH1032-E,四,2,E1-120
22020PH1032-F,一,7,E1-121
22020PH1032-F,一,8,E1-121
22020PH1032-F,四,1,E1-121
22020PH1032-F,四,2,E1-121
22022PH1032-H,一,7,S4-204
22022PH1032-H,一,8,S4-204
22022PH1032-H,四,1,S4-204
22022PH1032-H,四,2,S4-204
24001LS1002-*,一,2,S5-113
24001LS1002-*,一,3,S5-113
24001LS1002-*,一,4,S5-113
26001OS1007-*,四,1,IL-203
26001OS1007-*,四,2,IL-203
26005OS2007-*,一,2,IL-203
26005OS2007-*,一,8,IL-203
26005OS2007-*,一,9,IL-203
24006LS2002-*,三,5,S5-112
24006LS2002-*,三,6,S5-112
24006LS2002-*,三,7,S5-112
24008LS2006-*,一,2,S5-112
24008LS2006-*,一,3,S5-112
24008LS2006-*,一,4,S5-112
24009LS2014-*,四,2,S5-112
24009LS2014-*,四,3,S5-203
24009LS2014-*,四,4,S5-203
24012LS3001-*,四,6,S5-112
24012LS3001-*,四,7,S5-112
24012LS3001-*,四,8,S5-112
26004OS2004-*,二,2,IL-203
26004OS2004-*,三,3,IL-203
26004OS2004-*,三,4,IL-203
26006OS2014-*,二,5,IL-203
26006OS2014-*,二,6,IL-203
26006OS2014-*,四,3,IL-203
26006OS2014-*,四,4,IL-203
24011LS2020-*,五,5,S5-112
24011LS2020-*,五,6,S5-112
24019LS4005-A,一,Z,S5-214
24019LS4005-A,二,Z,S5-214
24019LS4005-A,四,Z,S5-214
24019LS4005-A,五,Z,S5-214
24020LS4005-B,一,Z,S5-203
24020LS4005-B,二,Z,S5-203
24020LS4005-B,四,Z,S5-203
24020LS4005-B,五,Z,S5-203
24021LS4005-C,一,Z,S5-113
24021LS4005-C,二,Z,S5-113
24021LS4005-C,四,Z,S5-113
24021LS4005-C,五,Z,S5-113
26010OS3001-*,四,7,IL-203
26010OS3001-*,四,8,IL-203
26010OS3001-*,四,9,IL-203
26011OS3002-*,一,5,IL-203
26011OS3002-*,一,6,IL-203
26011OS3002-*,三,2,IL-203
26012OS3010-A,三,6,IL-110
26012OS3010-A,三,7,IL-110
26012OS3010-A,三,8,IL-110
26012OS3010-A,三,9,IL-110
26013OS3010-B,二,7,IL-110
26013OS3010-B,二,8,IL-110
26013OS3010-B,二,9,IL-110
26013OS3010-B,二,A,IL-110
24017LS4002-A,二,5,S5-111
24017LS4002-A,二,6,S5-111
24018LS4002-B,二,5,S5-112
24018LS4002-B,二,6,S5-112
28004JS4001-*,六,8,S4-204
93001EG1007-*,二,6,E-357
93001EG1007-*,二,7,E-357
93001EG1007-*,四,2,E-357
93002EG2001-*,二,6,E-134
93002EG2001-*,二,7,E-134
93002EG2001-*,四,5,E-134
93003EG3001-*,六,A,*-***
93003EG3001-*,六,B,*-***
93004EG3002-*,六,C,*-***
93005EG3003-*,六,8,*-***
93005EG3003-*,六,9,*-***
93006EG3004-*,日,1,*-***
93006EG3004-*,日,2,*-***
93006EG3004-*,日,3,*-***
93007EG3005-*,六,A,*-***
93007EG3005-*,六,B,*-***
93008EG3006-*,六,C,*-***
93009EG3007-*,日,A,*-***
93009EG3007-*,日,B,*-***
93010EG4004-*,五,6,E6-A102
93010EG4004-*,五,7,E6-A102
93011EG5005-*,六,5,*-***
93011EG5005-*,六,6,*-***
21009MA1004-C,一,5,TR-A001
21009MA1004-C,一,6,TR-A001
21009MA1004-C,三,3,TR-A001
21009MA1004-C,三,4,TR-A001
21010MA1004-D,一,5,TR-A002
21010MA1004-D,一,6,TR-A002
21010MA1004-D,三,3,TR-A002
21010MA1004-D,三,4,TR-A002
21011MA1004-E,一,5,M-116
21011MA1004-E,一,6,M-116
21011MA1004-E,三,3,M-116
21011MA1004-E,三,4,M-116
21012MA1004-F,一,5,E-135
21012MA1004-F,一,6,E-135
21012MA1004-F,三,3,E-135
21012MA1004-F,三,4,E-135
32023CI3039-*,五,5,R3-114
32023CI3039-*,五,6,R3-114
00044LN1002-B,一,3,E1-135
00044LN1002-B,一,4,E1-135
00044LN1002-B,三,2,E1-135
00044LN1002-B,三,A,TR-A001
00048LN1002-F,一,3,E1-136
00048LN1002-F,一,4,E1-136
00048LN1002-F,三,2,E1-136
00048LN1002-F,三,A,E1-134
00049LN1002-G,一,3,E1-137
00049LN1002-G,一,4,E1-137
00049LN1002-G,三,2,E1-137
00049LN1002-G,三,A,E1-137
00055LN1002-M,一,3,E1-134
00055LN1002-M,一,4,E1-134
00055LN1002-M,三,2,E1-134
00055LN1002-M,三,A,TR-A204
01018PE1022-R,四,3,YH-YH-1
01018PE1022-R,四,4,YH-YH-1
01024PE1022-X,五,3,YH-YH-1
01024PE1022-X,五,4,YH-YH-1
08010SC0004-K,二,Z,E-134
08010SC0004-K,五,Z,E-134
08011SC0004-L,二,Z,E-135
08011SC0004-L,五,Z,E-135
32001CI0103-*,五,7,E-250
32001CI0103-*,五,8,E-250
32001CI0103-*,五,9,E-250
32002CI1005-A,二,A,E-247
32002CI1005-A,二,B,E-247
32002CI1005-A,三,5,E-247
32002CI1005-A,四,6,E-247
32002CI1005-A,四,7,E-247
32003CI1005-B,二,A,E-250
32003CI1005-B,二,B,E-250
32003CI1005-B,三,5,E-250
32003CI1005-B,四,6,E-250
32003CI1005-B,四,7,E-250
32004CI2005-A,二,6,E-135
32004CI2005-A,二,7,E-135
32004CI2005-A,三,6,E-135
32005CI2005-B,二,6,E-247
32005CI2005-B,二,7,E-247
32005CI2005-B,三,6,E-247
32008CI2018-A,三,3,E-250
32008CI2018-A,三,4,E-250
32008CI2018-A,四,4,E-250
32009CI2018-B,三,3,E-247
32009CI2018-B,三,4,E-247
32009CI2018-B,四,4,E-247
32010CI2018-C,三,3,E-245
32010CI2018-C,三,4,E-245
32010CI2018-C,四,4,E-245
32011CI2019-A,二,1,E-245
32011CI2019-A,二,2,E-245
32011CI2019-A,四,2,E-245
32011CI2019-A,四,A,E-245
32011CI2019-A,四,B,E-245
32012CI2019-B,二,1,E-247
32012CI2019-B,二,2,E-247
32012CI2019-B,四,2,E-247
32012CI2019-B,四,A,E-247
32012CI2019-B,四,B,E-247
32013CI2020-*,三,5,E3-107
32013CI2020-*,五,5,E3-107
32013CI2020-*,五,6,E3-107
32014CI3003-A,二,8,E-245
32014CI3003-A,五,3,E-245
32014CI3003-A,五,4,E-245
32015CI3003-B,二,8,E-254
32015CI3003-B,五,3,E-254
32015CI3003-B,五,4,E-254
32016CI3003-C,二,8,E-250
32016CI3003-C,五,3,E-250
32016CI3003-C,五,4,E-250
32019CI3036-A,一,7,E-137
32019CI3036-A,一,8,E-137
32019CI3036-A,一,9,E-137
32020CI3036-B,一,7,E-246
32020CI3036-B,一,8,E-246
32020CI3036-B,一,9,E-246
32021CI3036-C,三,7,E-247
32021CI3036-C,三,8,E-247
32021CI3036-C,三,9,E-247
32022CI3036-D,三,7,E-137
32022CI3036-D,三,8,E-137
32022CI3036-D,三,9,E-137
32029CI3071-*,一,3,R3-114
32029CI3071-*,一,4,R3-114
32029CI3071-*,三,2,R3-114
32033CI4050-*,三,7,R2-115
32033CI4050-*,三,8,R2-115
32033CI4050-*,四,Z,R2-115
32006CI2007-A,二,5,E-247
32006CI2007-A,二,A,E-315
32006CI2007-A,二,B,E-315
32007CI2007-B,三,A,E-315
32007CI2007-B,三,B,E-315
32007CI2007-B,四,3,E-247
32017CI3012-*,一,3,E-247
32017CI3012-*,一,4,E-247
32017CI3012-*,三,2,E-247
32018CI3025-*,一,Z,E-254
32018CI3025-*,二,Z,E-254
32018CI3025-*,三,Z,E-254
32024CI3052-*,五,A,E-248
32024CI3052-*,五,B,E-248
32025CI3056-*,一,2,E-247
32025CI3056-*,五,3,E-247
32025CI3056-*,五,4,E-247
32026CI3064-*,三,5,R2-115
32026CI3064-*,四,6,R3-110
32026CI3064-*,四,7,R3-110
32027CI3069-*,三,6,E-250
32027CI3069-*,三,7,E-250
32027CI3069-*,三,8,E-250
32030CI4010-*,三,3,E6-A413
32030CI4010-*,三,4,E6-A413
32030CI4010-*,四,5,E6-A413
32031CI4020-*,四,6,E6-A413
32031CI4020-*,四,7,E6-A413
32031CI4020-*,四,8,E6-A413
32032CI4027-*,四,2,E-246
32032CI4027-*,四,3,E-246
32032CI4027-*,四,4,E-246
32036CI5008-*,二,5,R3-114
32036CI5008-*,二,6,R3-114
32036CI5008-*,三,6,R3-114
32037CI5013-*,四,1,E-248
32037CI5013-*,五,7,E-248
32037CI5013-*,五,8,E-248
32040CI5031-*,二,6,E-252
32040CI5031-*,二,7,E-252
32040CI5031-*,四,2,E-252
32041CI5033-*,三,8,E-315
32041CI5033-*,四,3,E-315
32041CI5033-*,四,4,E-315
32044CI5040-*,一,6,E-134
32044CI5040-*,一,7,E-134
32044CI5040-*,一,8,E-134
32051CI6066-*,一,7,E-247
32051CI6066-*,一,8,E-247
32051CI6066-*,一,9,E-247
32060CI7047-*,一,6,E-254
32060CI7047-*,一,7,E-254
32060CI7047-*,一,8,E-254
32034CI5003-*,四,7,E-254
32034CI5003-*,四,8,E-254
32034CI5003-*,四,9,E-254
32050CI6060-*,二,6,E-245
32050CI6060-*,二,7,E-245
32050CI6060-*,三,5,E-245
32053CI6088-*,一,Z,E-245
32053CI6088-*,一,5,E-245
32053CI6088-*,一,6,E-245
32054CI6092-*,二,8,E-252
32054CI6092-*,二,9,E-252
32054CI6092-*,三,5,E-252
32061CI7074-*,四,2,E-248
32061CI7074-*,四,3,E-248
32061CI7074-*,四,4,E-248
33060ME5041-*,四,5,E2-128
33060ME5041-*,四,6,E2-128
33060ME5041-*,四,7,E2-128
33068ME5210-*,二,7,E4-452
33068ME5210-*,二,8,E4-452
33068ME5210-*,二,9,E4-452
00045LN1002-C,四,3,O-211
00045LN1002-C,四,4,O-211
00045LN1002-C,二,2,TR-A204
00045LN1002-C,四,9,E1-134
00046LN1002-D,四,3,E1-135
00046LN1002-D,四,4,E1-135
00046LN1002-D,二,2,E1-135
00046LN1002-D,四,9,E1-136
00050LN1002-H,四,3,O-212
00050LN1002-H,四,4,O-212
00050LN1002-H,二,2,E1-134
00050LN1002-H,四,9,TR-A001
00051LN1002-I,四,3,E1-134
00051LN1002-I,四,4,E1-134
00051LN1002-I,二,2,E1-136
00051LN1002-I,四,9,TR-A204
00056LN1002-N,四,3,TR-A003
00056LN1002-N,四,4,TR-A003
00056LN1002-N,二,2,E1-137
00056LN1002-N,四,9,TR-A002
01006PE1022-F,三,1,YH-YH-1
01006PE1022-F,三,2,YH-YH-1
01013PE1022-M,五,1,YH-YH-1
01013PE1022-M,五,2,YH-YH-1
01014PE1022-N,五,1,YH-YH-1
01014PE1022-N,五,2,YH-YH-1
08012SC0004-M,二,Z,E2-220
08012SC0004-M,三,Z,E2-220
08013SC0004-N,二,Z,E2-220
08013SC0004-N,三,Z,E2-220
08014SC0004-O,二,Z,E2-220
08014SC0004-O,三,Z,E2-220
22007PH1024-A,一,2,S4-102
22007PH1024-A,一,3,S4-102
22007PH1024-A,一,4,S4-102
22008PH1024-B,三,5,S4-101
22008PH1024-B,三,6,S4-101
22008PH1024-B,三,7,S4-101
22009PH1024-C,三,5,S4-102
22009PH1024-C,三,6,S4-102
22009PH1024-C,三,7,S4-102
22025PH1036-A,二,7,E2-221
22025PH1036-A,二,8,E2-221
22025PH1036-A,四,5,E2-221
22025PH1036-A,四,6,E2-221
22026PH1036-B,二,7,E2-411
22026PH1036-B,二,8,E2-411
22026PH1036-B,四,5,E2-411
22026PH1036-B,四,6,E2-411
22027PH1036-C,二,7,E2-503
22027PH1036-C,二,8,E2-503
22027PH1036-C,四,5,E2-503
22027PH1036-C,四,6,E2-503
33001ME1006-A,四,7,E2-503
33001ME1006-A,四,8,E2-503
33001ME1006-A,五,5,E2-503
33001ME1006-A,五,6,E2-503
33002ME1006-B,四,7,E2-101
33002ME1006-B,四,8,E2-101
33002ME1006-B,五,5,E2-101
33002ME1006-B,五,6,E2-101
33003ME1018-*,三,5,E2-101
33003ME1018-*,三,6,E2-101
33003ME1018-*,三,7,E2-101
33004ME1042-A,一,7,*-實習
33004ME1042-A,一,8,*-實習
33004ME1042-A,一,9,*-實習
33005ME1042-B,三,8,*-實習
33005ME1042-B,三,9,*-實習
33005ME1042-B,三,A,*-實習
33010ME2038-A,五,7,E2-503
33010ME2038-A,五,8,E2-503
33010ME2038-A,五,9,E2-503
33011ME2038-B,二,9,E2-503
33011ME2038-B,二,A,E2-503
33011ME2038-B,二,B,E2-503
33020ME2073-A,一,7,E2-503
33020ME2073-A,一,8,E2-503
33020ME2073-A,三,2,E2-503
33021ME2073-B,一,2,E2-221
33021ME2073-B,一,3,E2-221
33021ME2073-B,四,2,E2-221
33022ME2073-C,一,3,E2-101
33022ME2073-C,一,4,E2-101
33022ME2073-C,三,2,E2-101
33006ME2002-A,一,5,E2-503
33006ME2002-A,一,6,E2-503
33006ME2002-A,三,3,E2-503
33006ME2002-A,三,4,E2-503
33007ME2002-B,一,5,E2-101
33007ME2002-B,一,6,E2-101
33007ME2002-B,三,3,E2-101
33007ME2002-B,三,4,E2-101
33008ME2004-*,一,4,E2-220
33008ME2004-*,四,5,E2-220
33008ME2004-*,四,6,E2-220
33009ME2023-*,四,A,E4-451
33009ME2023-*,四,B,E4-451
33009ME2023-*,四,C,E4-451
33012ME2056-A,二,2,E2-503
33012ME2056-A,四,3,E2-503
33012ME2056-A,四,4,E2-503
33013ME2056-B,二,2,E2-101
33013ME2056-B,四,3,E2-101
33013ME2056-B,四,4,E2-101
33014ME2065-A,二,5,E2-128
33014ME2065-A,二,6,E2-128
33014ME2065-A,四,2,E2-128
33015ME2065-B,二,5,E2-503
33015ME2065-B,二,6,E2-503
33015ME2065-B,四,2,E2-503
33016ME2065-C,二,5,E4-153
33016ME2065-C,二,6,E4-153
33016ME2065-C,四,2,E4-153
33017ME2066-A,三,A,E2-213
33017ME2066-A,三,B,E2-213
33017ME2066-A,三,C,E2-213
33018ME2066-B,二,A,E2-213
33018ME2066-B,二,B,E2-213
33018ME2066-B,二,C,E2-213
33019ME2066-C,一,A,E2-213
33019ME2066-C,一,B,E2-213
33019ME2066-C,一,C,E2-213
33027ME3048-*,三,2,E4-153
33027ME3048-*,五,7,E4-153
33027ME3048-*,五,8,E4-153
33032ME3081-B,二,1,E2-503
33032ME3081-B,五,3,E2-503
33032ME3081-B,五,4,E2-503
33033ME3081-C,二,1,E2-410
33033ME3081-C,五,3,E2-410
33033ME3081-C,五,4,E2-410
33034ME3095-A,一,7,*-實三
33034ME3095-A,一,8,*-實三
33034ME3095-A,一,9,*-實三
33035ME3095-B,三,A,*-實三
33035ME3095-B,三,B,*-實三
33035ME3095-B,三,C,*-實三
33039ME3097-*,四,7,E2-305
33039ME3097-*,四,8,E2-305
33039ME3097-*,四,9,E2-305
33040ME3099-*,五,2,E2-308
33040ME3099-*,五,3,E2-308
33040ME3099-*,五,4,E2-308
33041ME3201-*,六,6,*-***
33042ME3202-*,六,7,*-***
33043ME3203-*,六,6,*-***
33044ME3204-*,六,7,*-***
33045ME3205-*,六,8,*-***
33046ME3206-*,六,9,*-***
33047ME3207-*,六,8,*-***
33048ME3208-*,六,9,*-***
33076ME6108-*,三,5,I1-506
33076ME6108-*,三,6,I1-506
33076ME6108-*,三,7,I1-506
33023ME3011-*,六,5,*-教室
33024ME3012-*,六,5,*-教室
33025ME3044-*,一,7,E4-452
33025ME3044-*,一,8,E4-452
33025ME3044-*,五,5,E4-452
33025ME3044-*,五,6,E4-452
33026ME3046-*,一,2,E2-129
33026ME3046-*,三,6,E2-129
33026ME3046-*,三,7,E2-129
33028ME3056-*,四,7,E2-411
33028ME3056-*,四,8,E2-411
33028ME3056-*,五,2,E2-411
33029ME3061-*,一,3,E2-308
33029ME3061-*,一,4,E2-308
33029ME3061-*,四,5,E4-153
33030ME3063-*,一,5,E2-308
33030ME3063-*,一,6,E2-308
33030ME3063-*,一,7,E2-308
33031ME3081-A,一,2,E2-411
33031ME3081-A,一,3,E2-411
33031ME3081-A,三,6,E2-411
33036ME3096-A,二,7,E4-351
33036ME3096-A,二,8,E4-351
33036ME3096-A,二,9,E4-351
33037ME3096-B,一,7,E4-351
33037ME3096-B,一,8,E4-351
33037ME3096-B,一,9,E4-351
33038ME3096-C,四,7,E4-351
33038ME3096-C,四,8,E4-351
33038ME3096-C,四,9,E4-351
33049ME4062-*,二,Z,E2-410
33049ME4062-*,二,5,E2-410
33049ME4062-*,二,6,E2-410
33050ME4071-*,二,2,E2-306
33050ME4071-*,三,3,E2-306
33050ME4071-*,三,4,E2-306
33051ME4096-*,一,3,E2-129
33051ME4096-*,一,4,E2-129
33051ME4096-*,三,8,E2-129
33053ME4110-*,三,7,E4-452
33053ME4110-*,三,8,E4-452
33055ME4202-*,一,5,E2-411
33055ME4202-*,一,6,E2-411
33055ME4202-*,一,7,E2-411
33061ME5049-*,四,6,E2-410
33061ME5049-*,四,7,E2-410
33061ME5049-*,四,8,E2-410
33066ME5203-*,五,Z,E2-309
33066ME5203-*,五,5,E2-309
33066ME5203-*,五,6,E2-309
33067ME5206-*,五,2,E2-221
33067ME5206-*,五,3,E2-221
33067ME5206-*,五,4,E2-221
33067ME5206-*,五,Z,E2-221
33069ME5302-*,三,6,E4-153
33069ME5302-*,三,7,E4-153
33069ME5302-*,三,8,E4-153
33070ME6049-*,三,2,E2-220
33070ME6049-*,三,3,E2-220
33070ME6049-*,三,4,E2-220
33074ME6101-*,四,6,S-秉文
33074ME6101-*,四,7,S-秉文
33074ME6101-*,四,8,S-秉文
33075ME6106-*,三,7,E2-221
33075ME6106-*,三,8,E2-221
33075ME6106-*,三,9,E2-221
33094OM5003-*,三,Z,E2-308
33094OM5003-*,三,5,E2-308
33094OM5003-*,三,6,E2-308
33095OM5006-*,一,Z,E4-452
33095OM5006-*,一,5,E4-452
33095OM5006-*,一,6,E4-452
33100ME6111-*,五,2,E4-153
33100ME6111-*,五,3,E4-153
33100ME6111-*,五,4,E4-153
33101ME3001-*,四,2,E2-308
33101ME3001-*,四,3,E2-308
33101ME3001-*,四,4,E2-308
38002ER5023-*,三,7,E2-305
38002ER5023-*,三,8,E2-305
38002ER5023-*,三,9,E2-305
38004ER6008-*,四,3,E2-220
38004ER6008-*,四,4,E2-220
38004ER6008-*,四,Z,E2-220
33054ME4112-*,六,7,*-***
33056ME5014-*,五,2,E4-452
33056ME5014-*,五,3,E4-452
33056ME5014-*,五,4,E4-452
33062ME5065-*,五,2,E2-129
33062ME5065-*,五,3,E2-129
33062ME5065-*,五,4,E2-129
33063ME5080-*,三,2,E2-308
33063ME5080-*,三,3,E2-308
33063ME5080-*,三,4,E2-308
33065ME5093-*,一,5,E2-221
33065ME5093-*,三,5,E2-221
33065ME5093-*,三,6,E2-221
33071ME6077-*,一,5,E2-410
33071ME6077-*,一,6,E2-410
33071ME6077-*,三,5,E2-410
33078ME7030-*,三,5,E2-220
33078ME7030-*,三,6,E2-220
33078ME7030-*,三,7,E2-220
33082ME7076-*,四,5,E2-306
33082ME7076-*,四,6,E2-306
33082ME7076-*,四,7,E2-306
33097OM6004-*,二,1,E2-305
33097OM6004-*,二,2,E2-305
33097OM6004-*,二,3,E2-305
33098OM6005-*,五,Z,E2-129
33098OM6005-*,五,5,E2-129
33098OM6005-*,五,6,E2-129
38003ER6003-*,三,6,E2-410
38003ER6003-*,三,7,E2-410
38003ER6003-*,四,5,E2-410
38005ER6011-*,一,7,E2-410
38005ER6011-*,一,8,E2-410
38005ER6011-*,一,9,E2-410
34010CH2034-*,一,2,E-360
34010CH2034-*,一,3,E-360
34010CH2034-*,四,5,E-360
34041CH8087-*,四,6,E-233
34041CH8087-*,四,7,E-233
34041CH8087-*,四,8,E-233
01029PE1022-3,五,3,YH-YH-1
01029PE1022-3,五,4,YH-YH-1
08009SC0004-J,三,5,E-358
08009SC0004-J,三,6,E-358
34001CH1012-*,一,7,E-356
34001CH1012-*,一,8,E-356
34001CH1012-*,五,2,E-356
34002CH1022-*,五,5,E3-120
34002CH1022-*,五,6,E3-120
34002CH1022-*,五,7,E3-120
34003CH1024-*,二,5,E-356
34003CH1024-*,四,7,E-356
34003CH1024-*,四,8,E-356
34004CH2002-*,三,2,E-356
34004CH2002-*,五,3,E-356
34004CH2002-*,五,4,E-356
34005CH2006-*,一,3,E-356
34005CH2006-*,一,4,E-356
34005CH2006-*,四,2,E-356
34006CH2010-*,一,2,E-356
34006CH2010-*,四,5,E-356
34006CH2010-*,四,6,E-356
34007CH2021-*,一,6,E-356
34007CH2021-*,三,7,E-356
34007CH2021-*,三,8,E-356
34008CH2026-*,一,5,E-356
34008CH2026-*,三,5,E-356
34008CH2026-*,三,6,E-356
34009CH2030-*,二,6,E3-120
34009CH2030-*,二,7,E3-120
34009CH2030-*,二,8,E3-120
34011CH3011-*,一,5,E-357
34011CH3011-*,四,3,E-357
34011CH3011-*,四,4,E-357
34012CH3043-*,一,7,E-357
34012CH3043-*,三,3,E-357
34012CH3043-*,三,4,E-357
34013CH3060-*,三,5,E-357
34013CH3060-*,三,6,E-357
34013CH3060-*,五,2,E-357
34014CH3062-*,四,5,E-355
34014CH3062-*,四,6,E-355
34015CH3063-*,六,A,E-356
34017CH3066-*,一,4,E-357
34019CH4012-*,一,6,E-357
34019CH4012-*,三,7,E-357
34019CH4012-*,三,8,E-357
34020CH4049-*,二,5,E-355
34020CH4049-*,五,3,E-355
34020CH4049-*,五,4,E-355
34022CH4059-A,二,6,E3-102
34022CH4059-A,二,7,E3-102
34022CH4059-A,二,8,E3-102
34023CH4059-B,四,6,E3-102
34023CH4059-B,四,7,E3-102
34023CH4059-B,四,8,E3-102
34025CH4071-*,六,A,E-357
34026CH4072-*,六,A,E-358
34026CH4072-*,六,B,E-358
34028CH4078-*,五,5,E-356
34028CH4078-*,五,6,E-356
34028CH4078-*,五,7,E-356
34039CH8134-*,四,6,E-360
34039CH8134-*,四,7,E-360
34039CH8134-*,四,8,E-360
34016CH3065-*,六,B,E-356
34018CH4002-*,五,5,E-357
34018CH4002-*,五,6,E-357
34018CH4002-*,五,7,E-357
34021CH4051-*,三,7,E-358
34021CH4051-*,三,8,E-358
34021CH4051-*,三,9,E-358
34024CH4062-*,一,6,E-360
34024CH4062-*,四,3,E-360
34024CH4062-*,四,4,E-360
34027CH4076-*,六,9,E-360
34038CH8132-*,四,2,E-233
34038CH8132-*,四,3,E-233
34038CH8132-*,四,4,E-233
31001EI2101-*,六,B,*-***
31003EI3103-*,六,A,*-***
31003EI3103-*,六,B,*-***
31003EI3103-*,六,C,*-***
31002EI2202-*,六,A,*-***
31004EI3202-*,六,A,*-***
31005EI4301-*,六,A,*-***
94005MT1012-Z,五,2,I1-308
94005MT1012-Z,五,3,I1-308
94005MT1012-Z,五,4,I1-308
94011MT2001-*,一,6,I-315
94011MT2001-*,一,7,I-315
94011MT2001-*,一,8,I-315
94017MT3001-*,二,3,I1-114
94017MT3001-*,二,4,I1-114
94018MT3004-*,三,A,I1-117
94018MT3004-*,三,B,I1-117
94018MT3004-*,三,C,I1-117
94019MT4001-B,二,3,I1-310
94019MT4001-B,二,4,I1-310
94020MT4004-*,五,5,I1-310
94020MT4004-*,五,6,I1-310
94021MT4016-*,日,2,*-***
94021MT4016-*,日,3,*-***
94021MT4016-*,日,4,*-***
94022MT5001-*,四,6,I1-310
94022MT5001-*,四,7,I1-310
94022MT5001-*,四,8,I1-310
94023MT6014-*,日,1,*-***
94024MT6015-*,日,7,*-***
94024MT6015-*,日,8,*-***
94025MT6016-*,日,2,*-***
94025MT6016-*,日,3,*-***
94025MT6016-*,日,4,*-***
21015MA1006-A,二,7,M-116
21015MA1006-A,二,8,M-116
21015MA1006-A,四,5,M-116
21015MA1006-A,四,6,M-116
21016MA1006-B,二,7,TR-A003
21016MA1006-B,二,8,TR-A003
21016MA1006-B,四,5,TR-A003
21016MA1006-B,四,6,TR-A003
21017MA1006-C,二,7,I1-005
21017MA1006-C,二,8,I1-005
21017MA1006-C,四,5,I1-005
21017MA1006-C,四,6,I1-005
21018MA1006-D,二,7,I1-105
21018MA1006-D,二,8,I1-105
21018MA1006-D,四,5,I1-105
21018MA1006-D,四,6,I1-105
41040BA7114-*,五,2,I1-007
41040BA7114-*,五,3,I1-007
41040BA7114-*,五,4,I1-007
41041BA7116-*,四,A,I1-508
41041BA7116-*,四,B,I1-508
41041BA7116-*,四,C,I1-508
41045BA7132-*,四,2,I1-117
41045BA7132-*,四,3,I1-117
41045BA7132-*,四,4,I1-117
41047BA7138-*,二,6,I1-405-3
41047BA7138-*,二,7,I1-405-3
41047BA7138-*,二,8,I1-405-3
41048BA7139-*,一,A,I1-109
41048BA7139-*,一,B,I1-109
41048BA7139-*,一,C,I1-109
00072LN1006-B,三,7,TR-A204
00072LN1006-B,三,8,TR-A204
00072LN1006-B,五,2,TR-A001
00075LN1006-E,三,7,TR-A202
00075LN1006-E,三,8,TR-A202
00075LN1006-E,五,2,O-212
00076LN1006-F,三,7,TR-A203
00076LN1006-F,三,8,TR-A203
00076LN1006-F,五,2,TR-A203
00079LN1006-I,三,7,E1-134
00079LN1006-I,三,8,E1-134
00079LN1006-I,五,2,O-211
01004PE1022-D,四,7,YH-YH-1
01004PE1022-D,四,8,YH-YH-1
01005PE1022-E,四,7,YH-YH-1
01005PE1022-E,四,8,YH-YH-1
08020SC0004-U,五,5,I1-111
08020SC0004-U,五,6,I1-111
08021SC0004-V,二,9,I1-006
08021SC0004-V,二,A,I1-006
41001BA1003-A,四,2,I1-007
41001BA1003-A,四,3,I1-007
41001BA1003-A,四,4,I1-007
41002BA1003-B,四,2,I1-111
41002BA1003-B,四,3,I1-111
41002BA1003-B,四,4,I1-111
94001MT1012-A,三,2,I1-018
94001MT1012-A,三,3,I1-018
94001MT1012-A,三,4,I1-018
94007MT1032-A,一,5,I1-018
94007MT1032-A,一,6,I1-018
94007MT1032-A,一,7,I1-018
41003BA2014-A,四,6,I1-018
41003BA2014-A,四,7,I1-018
41003BA2014-A,四,8,I1-018
41004BA2014-B,四,6,I1-018
41004BA2014-B,四,7,I1-018
41004BA2014-B,四,8,I1-018
41006BA3001-A,三,5,I1-109
41006BA3001-A,三,6,I1-109
41006BA3001-A,三,7,I1-109
41007BA3001-B,三,6,I-204
41007BA3001-B,三,7,I-204
41007BA3001-B,三,8,I-204
41010BA3004-*,五,2,I1-006
41010BA3004-*,五,3,I1-006
41010BA3004-*,五,4,I1-006
41011BA3005-A,一,6,I1-007
41011BA3005-A,一,7,I1-007
41011BA3005-A,一,8,I1-007
41012BA3005-B,二,5,I1-007
41012BA3005-B,二,6,I1-007
41012BA3005-B,二,7,I1-007
41023BA5070-*,四,5,I1-007
41023BA5070-*,四,6,I1-007
41023BA5070-*,四,7,I1-007
94012MT2042-A,二,5,I1-304
94012MT2042-A,二,6,I1-304
94012MT2042-A,二,7,I1-304
94013MT2042-B,一,2,I1-007
94013MT2042-B,一,3,I1-007
94013MT2042-B,一,4,I1-007
41005BA2023-*,二,5,I1-109
41005BA2023-*,二,6,I1-109
41005BA2023-*,二,7,I1-109
41008BA3003-A,一,6,I1-109
41008BA3003-A,一,7,I1-109
41008BA3003-A,一,8,I1-109
41009BA3003-B,一,6,I1-111
41009BA3003-B,一,7,I1-111
41009BA3003-B,一,8,I1-111
41013BA4011-*,三,5,I1-111
41013BA4011-*,三,6,I1-111
41013BA4011-*,三,7,I1-111
41016BA4100-*,一,5,I-303
41016BA4100-*,一,6,I-303
41016BA4100-*,一,7,I-303
41017BA5029-*,二,5,I1-111
41017BA5029-*,二,6,I1-111
41017BA5029-*,二,7,I1-111
41018BA5040-*,五,2,I-204
41018BA5040-*,五,3,I-204
41018BA5040-*,五,4,I-204
41019BA5041-*,四,5,I-304
41019BA5041-*,四,6,I-304
41019BA5041-*,四,7,I-304
41020BA5049-*,三,2,I-304
41020BA5049-*,三,3,I-304
41020BA5049-*,三,4,I-304
41021BA5062-*,二,2,I1-405-1
41021BA5062-*,二,3,I1-405-1
41021BA5062-*,二,4,I1-405-1
41022BA5064-*,四,5,I1-006
41022BA5064-*,四,6,I1-006
41022BA5064-*,四,7,I1-006
41027BA6038-*,一,6,I-304
41027BA6038-*,一,7,I-304
41027BA6038-*,一,8,I-304
41030BA6075-*,四,A,I1-111
41030BA6075-*,四,B,I1-111
41030BA6075-*,四,C,I1-111
41034BA7082-*,二,A,I1-018
41034BA7082-*,二,B,I1-018
41034BA7082-*,二,C,I1-018
41039BA7112-*,五,2,I1-508
41039BA7112-*,五,3,I1-508
41039BA7112-*,五,4,I1-508
41042BA7123-*,四,5,I1-109
41042BA7123-*,四,6,I1-109
41042BA7123-*,四,7,I1-109
41043BA7126-*,二,2,I1-117
41043BA7126-*,二,3,I1-117
41043BA7126-*,二,4,I1-117
41046BA7134-*,二,5,I1-504
41046BA7134-*,二,6,I1-504
41046BA7134-*,二,7,I1-504
41014BA4086-A,二,5,I-305
41014BA4086-A,二,6,I-305
41014BA4086-A,二,7,I-305
41015BA4086-B,二,5,I-303
41015BA4086-B,二,6,I-303
41015BA4086-B,二,7,I-303
43020IM3079-*,四,1,I1-404
43020IM3079-*,四,2,I1-404
43020IM3079-*,四,3,I1-404
43020IM3079-*,四,4,I1-404
00071LN1006-A,一,7,I1-105
00071LN1006-A,一,8,I1-105
00071LN1006-A,四,1,TR-A001
00073LN1006-C,一,7,I1-107
00073LN1006-C,一,8,I1-107
00073LN1006-C,四,1,TR-A201
00074LN1006-D,一,7,TR-A202
00074LN1006-D,一,8,TR-A202
00074LN1006-D,四,1,TR-A202
00077LN1006-G,一,7,E1-134
00077LN1006-G,一,8,E1-134
00077LN1006-G,四,1,TR-A204
00078LN1006-H,一,7,TR-A003
00078LN1006-H,一,8,TR-A003
00078LN1006-H,四,1,TR-A205
01007PE1022-G,二,5,YH-YH-1
01007PE1022-G,二,6,YH-YH-1
01020PE1022-T,四,3,YH-YH-1
01020PE1022-T,四,4,YH-YH-1
08022SC0004-W,五,5,I1-105
08022SC0004-W,五,6,I1-105
08023SC0004-X,三,7,I1-002
08023SC0004-X,三,8,I1-002
43001IM1018-*,四,7,I1-017
43001IM1018-*,四,8,I1-017
43001IM1018-*,四,9,I1-017
43002IM1023-A,五,2,I1-405-1
43002IM1023-A,五,3,I1-405-1
43002IM1023-A,五,4,I1-405-1
43003IM1023-B,五,5,I1-405-1
43003IM1023-B,五,6,I1-405-1
43003IM1023-B,五,7,I1-405-1
94008MT1032-E,一,2,I1-017
94008MT1032-E,一,3,I1-017
94008MT1032-E,一,4,I1-017
43004IM2002-*,四,6,I-204
43004IM2002-*,四,7,I-204
43004IM2002-*,四,8,I-204
43014IM3029-A,三,2,I1-405-1
43014IM3029-A,三,3,I1-405-1
43014IM3029-A,三,4,I1-405-1
43015IM3029-B,一,5,I1-405-1
43015IM3029-B,一,6,I1-405-1
43015IM3029-B,一,7,I1-405-1
43018IM3061-*,二,6,I1-017
43018IM3061-*,二,7,I1-017
43018IM3061-*,二,8,I1-017
43021IM4055-*,三,5,I1-107
43021IM4055-*,三,6,I1-107
43021IM4055-*,三,7,I1-107
94002MT1012-E,一,2,I-204
94002MT1012-E,一,3,I-204
94002MT1012-E,一,4,I-204
94014MT2042-E,四,2,I1-017
94014MT2042-E,四,3,I1-017
94014MT2042-E,四,4,I1-017
43005IM2037-*,五,2,I1-017
43005IM2037-*,五,3,I1-017
43005IM2037-*,五,4,I1-017
43006IM3026-*,一,2,I1-404
43006IM3026-*,一,3,I1-404
43006IM3026-*,一,4,I1-404
43007IM3028-A,六,6,I1-105
43007IM3028-A,六,7,I1-105
43007IM3028-A,六,8,I1-105
43008IM3028-B,六,A,I-314
43008IM3028-B,六,B,I-314
43008IM3028-B,六,C,I-314
43009IM3028-C,六,A,I1-507-1
43009IM3028-C,六,B,I1-507-1
43009IM3028-C,六,C,I1-507-1
43010IM3028-D,六,6,I1-507-1
43010IM3028-D,六,7,I1-507-1
43010IM3028-D,六,8,I1-507-1
43011IM3028-E,六,6,I1-017
43011IM3028-E,六,7,I1-017
43011IM3028-E,六,8,I1-017
43012IM3028-F,六,6,I-314
43012IM3028-F,六,7,I-314
43012IM3028-F,六,8,I-314
43013IM3028-G,六,6,I-315
43013IM3028-G,六,7,I-315
43013IM3028-G,六,8,I-315
43016IM3031-*,三,2,I1-017
43016IM3031-*,三,3,I1-017
43016IM3031-*,三,4,I1-017
43017IM3058-*,三,5,I1-404
43017IM3058-*,三,6,I1-404
43017IM3058-*,三,7,I1-404
43019IM3078-*,一,6,I-204
43019IM3078-*,一,7,I-204
43019IM3078-*,一,8,I-204
43028IM5033-*,四,2,I1-002
43028IM5033-*,四,3,I1-002
43028IM5033-*,四,4,I1-002
43032IM6100-*,四,2,I1-107
43032IM6100-*,四,3,I1-107
43032IM6100-*,四,4,I1-107
48003FM2030-*,一,2,I1-309
48003FM2030-*,一,3,I1-309
48003FM2030-*,一,4,I1-309
48009FM3017-*,二,6,I1-311
48009FM3017-*,二,7,I1-311
48009FM3017-*,二,8,I1-311
48030FM6108-*,五,2,I1-406
48030FM6108-*,五,3,I1-406
48030FM6108-*,五,4,I1-406
01002PE1022-B,一,5,YH-YH-1
01002PE1022-B,一,6,YH-YH-1
08025SC0004-Z,一,Z,I1-004
08025SC0004-Z,五,Z,I1-004
48001FM1011-*,四,2,I1-114
48001FM1011-*,四,3,I1-114
48001FM1011-*,四,4,I1-114
94003MT1012-F,一,2,I1-005
94003MT1012-F,一,3,I1-005
94003MT1012-F,一,4,I1-005
94009MT1032-F,三,7,I1-114
94009MT1032-F,三,8,I1-114
94009MT1032-F,三,9,I1-114
48002FM2004-*,三,6,I1-004
48002FM2004-*,三,7,I1-004
48002FM2004-*,三,8,I1-004
48004FM2032-*,三,2,I1-117
48004FM2032-*,三,3,I1-117
48004FM2032-*,三,4,I1-117
48005FM2036-*,四,2,I1-307
48005FM2036-*,四,3,I1-307
48005FM2036-*,四,4,I1-307
48013FM3048-*,五,3,I1-311
48013FM3048-*,五,4,I1-311
94015MT2042-F,二,6,I-204
94015MT2042-F,二,7,I-204
94015MT2042-F,二,8,I-204
48006FM3004-*,五,6,I1-004
48006FM3004-*,五,7,I1-004
48006FM3004-*,五,8,I1-004
48007FM3005-*,二,5,I1-307
48007FM3005-*,二,6,I1-307
48007FM3005-*,二,7,I1-307
48008FM3007-*,三,6,I1-311
48008FM3007-*,三,7,I1-311
48008FM3007-*,三,8,I1-311
48010FM3026-*,三,2,I1-309
48010FM3026-*,三,3,I1-309
48010FM3026-*,三,4,I1-309
48011FM3029-*,一,6,I1-004
48011FM3029-*,一,7,I1-004
48011FM3029-*,一,8,I1-004
48012FM3035-*,四,5,I1-117
48012FM3035-*,四,6,I1-117
48012FM3035-*,四,7,I1-117
48014FM3050-*,五,5,I1-307
48014FM3050-*,五,6,I1-307
48014FM3050-*,五,7,I1-307
48015FM4001-*,四,2,I1-004
48015FM4001-*,四,3,I1-004
48015FM4001-*,四,4,I1-004
48016FM4003-*,一,2,I1-307
48016FM4003-*,一,3,I1-307
48016FM4003-*,一,4,I1-307
48018FM4033-*,一,6,I1-309
48018FM4033-*,一,7,I1-309
48018FM4033-*,一,8,I1-309
48019FM4041-*,三,7,I1-310
48019FM4041-*,三,8,I1-310
48020FM5005-*,二,2,I1-117
48020FM5005-*,二,3,I1-117
48020FM5005-*,二,4,I1-117
48021FM5010-*,二,2,I1-406
48021FM5010-*,二,3,I1-406
48021FM5010-*,二,4,I1-406
48031FM6111-*,四,6,I1-408
48031FM6111-*,四,7,I1-408
48031FM6111-*,四,8,I1-408
48032FM6114-*,三,2,I1-408
48032FM6114-*,三,3,I1-408
48032FM6114-*,三,4,I1-408
48017FM4013-*,一,6,I1-307
48017FM4013-*,一,7,I1-307
48017FM4013-*,一,8,I1-307
48026FM6063-*,五,5,I1-117
48026FM6063-*,五,6,I1-117
48029FM6100-*,四,2,I1-117
48029FM6100-*,四,3,I1-117
48029FM6100-*,四,4,I1-117
44011EC3073-*,五,6,I1-306
44011EC3073-*,五,7,I1-306
44011EC3073-*,五,8,I1-306
44025EC7057-*,一,6,I1-310
44025EC7057-*,一,7,I1-310
44025EC7057-*,一,8,I1-310
01003PE1022-C,一,5,YH-YH-1
01003PE1022-C,一,6,YH-YH-1
08024SC0004-Y,三,9,I1-308
08024SC0004-Y,三,A,I1-308
94004MT1012-G,一,2,I1-117
94004MT1012-G,一,3,I1-117
94004MT1012-G,一,4,I1-117
94006MT1021-G,五,5,I1-005
94006MT1021-G,五,6,I1-005
94006MT1021-G,五,7,I1-005
94010MT1032-G,四,7,I1-308
94010MT1032-G,四,8,I1-308
94010MT1032-G,四,9,I1-308
44001EC2004-*,四,2,I1-005
44001EC2004-*,四,3,I1-005
44001EC2004-*,四,4,I1-005
44002EC2006-*,五,2,I1-005
44002EC2006-*,五,3,I1-005
44002EC2006-*,五,4,I1-005
44005EC2061-*,一,5,I1-306
44005EC2061-*,一,6,I1-306
44006EC2064-*,四,A,I1-306
44006EC2064-*,四,B,I1-306
94016MT2042-G,二,6,I-204
94016MT2042-G,二,7,I-204
94016MT2042-G,二,8,I-204
44003EC2037-*,二,A,I1-308
44004EC2054-*,四,2,I1-308
44004EC2054-*,四,3,I1-308
44004EC2054-*,四,4,I1-308
44007EC3018-*,三,2,I1-308
44007EC3018-*,三,3,I1-308
44007EC3018-*,三,4,I1-308
44008EC3035-*,三,6,I1-306
44008EC3035-*,三,7,I1-306
44008EC3035-*,三,8,I1-306
44009EC3054-*,三,Z,I1-310
44009EC3054-*,三,5,I1-310
44010EC3072-*,四,5,I1-114
44010EC3072-*,四,6,I1-114
44010EC3072-*,四,7,I1-114
44012EC3079-*,五,2,I1-306
44012EC3079-*,五,3,I1-306
44012EC3079-*,五,4,I1-306
44013EC3117-*,三,6,I1-117
44013EC3117-*,三,7,I1-117
44013EC3117-*,三,8,I1-117
44014EC3122-*,二,A,I1-310
44014EC3122-*,二,B,I1-310
44014EC3122-*,二,C,I1-310
44015EC4018-*,二,7,I1-308
44015EC4018-*,二,8,I1-308
44015EC4018-*,二,9,I1-308
44016EC4080-*,三,A,I1-310
44016EC4080-*,三,B,I1-310
44016EC4080-*,三,C,I1-310
44018EC5028-*,三,9,I1-306
44018EC5028-*,三,A,I1-306
44018EC5028-*,三,B,I1-306
44020EC5038-*,一,5,I1-308
44020EC5038-*,一,6,I1-308
44020EC5038-*,一,7,I1-308
21013MA1004-G,一,5,TR-A003
21013MA1004-G,一,6,TR-A003
21013MA1004-G,三,3,TR-A003
21013MA1004-G,三,4,TR-A003
51011EE2025-*,五,5,E1-110
51011EE2025-*,五,6,E1-110
51011EE2025-*,五,7,E1-110
51017EE3038-*,四,5,E1-123
51017EE3038-*,四,6,E1-123
51017EE3038-*,五,6,E1-123
51024EE3057-*,三,6,E1-101
51024EE3057-*,三,7,E1-101
51025EE3058-*,一,2,E1-102
51025EE3058-*,五,5,E1-102
51025EE3058-*,五,6,E1-102
51026EE3059-*,五,2,E1-124
51026EE3059-*,五,3,E1-124
51026EE3059-*,五,4,E1-124
51038EE5022-*,四,2,E1-019
51038EE5022-*,四,3,E1-019
51038EE5022-*,四,4,E1-019
51055EE8015-*,四,6,E1-110
51055EE8015-*,四,7,E1-110
51055EE8015-*,四,8,E1-110
51068EE6084-H,三,7,E1-123
51068EE6084-H,三,8,E1-123
51069EE3055-*,一,6,E1-019
51069EE3055-*,一,7,E1-019
51069EE3055-*,一,8,E1-019
51070EE4009-*,四,3,E1-121
51070EE4009-*,四,4,E1-121
51070EE4009-*,四,5,E1-121
51071EE3044-*,二,5,E1-102
51071EE3044-*,二,6,E1-102
51071EE3044-*,二,7,E1-102
00047LN1002-E,五,3,E1-136
00047LN1002-E,五,4,E1-136
00047LN1002-E,三,5,TR-A205
00052LN1002-J,五,3,E1-135
00052LN1002-J,五,4,E1-135
00052LN1002-J,三,5,TR-A201
00053LN1002-K,五,3,E1-137
00053LN1002-K,五,4,E1-137
00053LN1002-K,三,5,E1-134
00057LN1002-O,五,3,E1-134
00057LN1002-O,五,4,E1-134
00057LN1002-O,三,5,TR-A202
00057LN1002-O,三,9,E1-134
00058LN1002-P,五,3,TR-A203
00058LN1002-P,五,4,TR-A203
00058LN1002-P,三,5,E1-135
00058LN1002-P,三,9,E1-136
01021PE1022-U,三,7,YH-YH-1
01021PE1022-U,三,8,YH-YH-1
01022PE1022-V,三,7,YH-YH-1
01022PE1022-V,三,8,YH-YH-1
08015SC0004-P,四,7,E1-124
08015SC0004-P,四,8,E1-124
08016SC0004-Q,四,7,E1-124
08016SC0004-Q,四,8,E1-124
22004PH1004-O,二,5,S4-101
22004PH1004-O,二,6,S4-101
22004PH1004-O,二,7,S4-101
22005PH1004-P,二,5,S4-102
22005PH1004-P,二,6,S4-102
22005PH1004-P,二,7,S4-102
51001EE1006-A,二,8,E1-223
51001EE1006-A,二,9,E1-223
51001EE1006-A,二,A,E1-223
51002EE1006-B,五,7,E1-223
51002EE1006-B,五,8,E1-223
51002EE1006-B,五,9,E1-223
51003EE1010-A,一,3,E1-121
51003EE1010-A,一,4,E1-121
51003EE1010-A,三,2,E1-121
51004EE1010-B,一,3,E1-120
51004EE1010-B,一,4,E1-120
51004EE1010-B,三,2,E1-120
51005EE2002-*,三,6,E1-102
51005EE2002-*,四,5,E1-102
51005EE2002-*,四,6,E1-102
51006EE2009-A,一,5,E1-121
51006EE2009-A,三,5,E1-121
51006EE2009-A,三,6,E1-121
51007EE2009-B,一,5,E1-120
51007EE2009-B,三,5,E1-120
51007EE2009-B,三,6,E1-120
51008EE2015-A,一,6,E1-121
51008EE2015-A,三,3,E1-123
51008EE2015-A,三,4,E1-123
51009EE2015-B,一,6,E1-120
51009EE2015-B,三,3,E1-120
51009EE2015-B,三,4,E1-120
51010EE2023-*,二,2,E1-124
51010EE2023-*,四,2,E1-124
51010EE2023-*,四,3,E1-124
51012EE2028-A,一,7,E1-223
51012EE2028-A,一,8,E1-223
51012EE2028-A,一,9,E1-223
51013EE2028-B,五,2,E1-223
51013EE2028-B,五,3,E1-223
51013EE2028-B,五,4,E1-223
51014EE3009-*,一,3,E1-124
51014EE3009-*,一,4,E1-124
51014EE3009-*,四,6,E1-124
51018EE3046-*,一,A,E1-223
51018EE3046-*,一,B,E1-223
51018EE3046-*,一,C,E1-223
51015EE3014-*,一,2,E1-123
51015EE3014-*,一,3,E1-123
51015EE3014-*,一,4,E1-123
51016EE3029-*,一,Z,E1-124
51016EE3029-*,一,5,E1-124
51016EE3029-*,一,6,E1-124
51019EE3049-*,六,A,E1-124
51019EE3049-*,六,B,E1-124
51019EE3049-*,六,C,E1-124
51020EE3050-*,六,A,E1-120
51020EE3050-*,六,B,E1-120
51020EE3050-*,六,C,E1-120
51021EE3051-*,六,A,E1-121
51021EE3051-*,六,B,E1-121
51021EE3051-*,六,C,E1-121
51022EE3052-*,六,A,E1-123
51022EE3052-*,六,B,E1-123
51022EE3052-*,六,C,E1-123
51023EE3053-*,六,1,E1-120
51023EE3053-*,六,3,E1-120
51023EE3053-*,六,2,E1-120
51027EE4004-*,六,1,E1-121
51027EE4004-*,六,2,E1-121
51027EE4004-*,六,3,E1-121
51028EE4012-*,三,2,E1-124
51028EE4012-*,三,3,E1-124
51028EE4012-*,三,4,E1-124
51029EE4013-*,四,3,E1-102
51029EE4013-*,四,4,E1-102
51029EE4013-*,五,2,E1-102
51033EE4032-*,二,5,E1-124
51033EE4032-*,二,6,E1-124
51033EE4032-*,二,7,E1-124
51034EE4034-*,二,8,E1-123
51034EE4034-*,四,7,E1-123
51034EE4034-*,四,8,E1-123
51035EE4036-*,一,7,E1-102
51035EE4036-*,一,8,E1-102
51035EE4036-*,一,9,E1-102
51051EE7080-*,三,2,E1-019
51051EE7080-*,三,3,E1-019
51051EE7080-*,三,4,E1-019
51030EE4020-*,一,3,E1-102
51030EE4020-*,一,4,E1-102
51030EE4020-*,三,2,E1-102
51031EE4023-*,六,4,E1-019
51031EE4023-*,六,5,E1-019
51031EE4023-*,六,6,E1-019
51032EE4028-*,三,2,E1-107
51032EE4028-*,三,3,E1-107
51032EE4028-*,三,4,E1-107
51039EE6012-*,四,5,E1-019
51039EE6012-*,四,6,E1-019
51039EE6012-*,四,7,E1-019
21014MA1004-H,一,5,E1-102
21014MA1004-H,一,6,E1-102
21014MA1004-H,三,3,E1-102
21014MA1004-H,三,4,E1-102
52012CE2036-*,二,A,E6-A306
52012CE2036-*,二,B,E6-A306
52012CE2036-*,二,C,E6-A306
00054LN1002-L,一,7,E1-135
00054LN1002-L,一,8,E1-135
00054LN1002-L,四,2,E1-135
00059LN1002-Q,一,7,O-211
00059LN1002-Q,一,8,O-211
00059LN1002-Q,四,2,E-134
00059LN1002-Q,一,9,E1-134
00060LN1002-R,一,7,E1-137
00060LN1002-R,一,8,E1-137
00060LN1002-R,四,2,TR-A003
00060LN1002-R,一,9,E1-136
01001PE1022-A,一,3,YH-YH-1
01001PE1022-A,一,4,YH-YH-1
01008PE1022-H,一,3,YH-YH-1
01008PE1022-H,一,4,YH-YH-1
08017SC0004-R,一,Z,E6-A209
08017SC0004-R,四,Z,E6-A209
08018SC0004-S,二,Z,E6-A209
08018SC0004-S,五,Z,E6-A209
52001CE1002-*,四,5,E6-A207
52001CE1002-*,四,6,E6-A207
52001CE1002-*,四,7,E6-A207
52002CE1004-A,五,8,E6-A206
52002CE1004-A,五,9,E6-A206
52003CE1004-B,五,6,E6-A206
52003CE1004-B,五,7,E6-A206
52004CE1006-A,二,7,E6-A211
52004CE1006-A,二,8,E6-A211
52004CE1006-A,二,9,E6-A211
52005CE1006-B,二,5,E6-A204
52005CE1006-B,二,6,E6-A204
52005CE1006-B,二,7,E6-A204
52008CE2008-*,三,2,E6-A207
52008CE2008-*,五,3,E6-A207
52008CE2008-*,五,4,E6-A207
52010CE2010-A,五,5,E6-A208
52010CE2010-A,五,6,E6-A208
52010CE2010-A,五,7,E6-A208
52011CE2010-B,三,7,E6-A208
52011CE2010-B,三,8,E6-A208
52011CE2010-B,三,9,E6-A208
52006CE2004-A,一,7,E6-A207
52006CE2004-A,一,8,E6-A207
52006CE2004-A,一,9,E6-A207
52007CE2004-B,一,7,E6-B218
52007CE2004-B,一,8,E6-B218
52007CE2004-B,一,9,E6-B218
52009CE2009-*,三,Z,E6-A211
52009CE2009-*,三,5,E6-A211
52009CE2009-*,三,6,E6-A211
52013CE3001-*,四,2,E6-A207
52013CE3001-*,四,3,E6-A207
52013CE3001-*,四,4,E6-A207
52014CE3002-A,三,6,E6-A204
52014CE3002-A,三,7,E6-A204
52014CE3002-A,三,8,E6-A204
52015CE3002-B,五,2,E6-A204
52015CE3002-B,五,3,E6-A204
52015CE3002-B,五,4,E6-A204
52016CE3005-A,三,2,E6-A306
52016CE3005-A,三,3,E6-A306
52016CE3005-A,三,4,E6-A306
52017CE3005-B,二,6,E6-A207
52017CE3005-B,二,7,E6-A207
52017CE3005-B,二,8,E6-A207
52018CE3008-*,六,B,*-***
52019CE3068-*,一,5,E6-A206
52019CE3068-*,一,6,E6-A206
52019CE3068-*,一,7,E6-A206
52020CE4001-A,六,B,*-***
52021CE4001-B,六,B,*-***
52022CE4001-C,六,B,*-***
52023CE4001-D,六,B,*-***
52024CE4001-E,六,B,*-***
52025CE4001-F,六,B,*-***
52027CE5033-*,二,6,E6-A306
52027CE5033-*,二,7,E6-A306
52027CE5033-*,二,8,E6-A306
52031CE5081-*,二,5,E6-B218
52031CE5081-*,二,6,E6-B218
52031CE5081-*,二,7,E6-B218
52033CE5087-*,二,5,E6-A303
52033CE5087-*,二,6,E6-A303
52033CE5087-*,二,7,E6-A303
52034CE5088-*,五,5,E6-A203
52034CE5088-*,五,6,E6-A203
52034CE5088-*,五,7,E6-A203
52041CE6103-*,一,5,E6-A408
52041CE6103-*,一,6,E6-A408
52041CE6103-*,一,7,E6-A408
52043CE6137-*,五,5,E6-A306
52043CE6137-*,五,6,E6-A306
52043CE6137-*,五,7,E6-A306
52047CE6166-*,一,2,E6-A206
52047CE6166-*,一,3,E6-A206
52047CE6166-*,一,4,E6-A206
52048CE6167-*,四,5,E6-A205
52048CE6167-*,四,6,E6-A205
52048CE6167-*,四,7,E6-A205
52049CE6168-*,五,5,E6-A211
52049CE6168-*,五,6,E6-A211
52049CE6168-*,五,7,E6-A211
52056CE7076-*,一,6,E6-A306
52056CE7076-*,一,7,E6-A306
52056CE7076-*,一,8,E6-A306
52058CE8014-*,四,2,E6-B218
52058CE8014-*,四,3,E6-B218
52058CE8014-*,四,4,E6-B218
52067SE6030-*,四,2,E6-A209
52067SE6030-*,四,3,E6-A209
52067SE6030-*,四,4,E6-A209
52070CE3071-*,四,2,E6-A203
52070CE3071-*,四,3,E6-A203
52070CE3071-*,四,4,E6-A203
52071CE5061-*,四,5,E6-A204
52071CE5061-*,四,6,E6-A204
52071CE5061-*,四,7,E6-A204
52026CE4002-*,六,B,*-***
52039CE6039-*,一,5,E6-A303
52039CE6039-*,一,6,E6-A303
52039CE6039-*,一,7,E6-A303
01017PE1022-Q,二,5,YH-YH-1
01017PE1022-Q,二,6,YH-YH-1
08019SC0004-T,二,Z,E1-107
08019SC0004-T,五,Z,E1-107
22003PH1004-I,二,8,S4-102
22003PH1004-I,二,9,S4-102
22003PH1004-I,二,A,S4-102
22018PH1032-D,一,7,E1-109
22018PH1032-D,一,8,E1-109
22018PH1032-D,四,1,E1-109
22018PH1032-D,四,2,E1-109
53001CO1006-*,三,A,E1-223
53001CO1006-*,三,B,E1-223
53001CO1006-*,三,C,E1-223
53002CO2001-*,一,3,E1-109
53002CO2001-*,一,4,E1-109
53002CO2001-*,三,2,E1-109
53006CO2011-*,三,6,E1-109
53006CO2011-*,五,5,E1-109
53006CO2011-*,五,6,E1-109
53003CO2004-*,一,6,E1-121
53003CO2004-*,三,3,E1-123
53003CO2004-*,三,4,E1-123
53004CO2006-*,三,5,E1-111
53004CO2006-*,五,3,E1-111
53004CO2006-*,五,4,E1-111
53005CO2010-*,四,7,E1-223
53005CO2010-*,四,8,E1-223
53005CO2010-*,四,9,E1-223
53008CO3003-*,一,3,E1-102
53008CO3003-*,一,4,E1-102
53008CO3003-*,三,2,E1-102
53009CO3004-*,二,2,E1-120
53009CO3004-*,四,5,E1-120
53009CO3004-*,四,6,E1-120
53010CO3005-*,三,6,E1-105
53010CO3005-*,四,3,E1-105
53010CO3005-*,四,4,E1-105
53007CO3002-*,一,A,E1-339
53007CO3002-*,一,B,E1-339
53007CO3002-*,一,C,E1-339
53011CO3008-*,四,3,E1-102
53011CO3008-*,四,4,E1-102
53011CO3008-*,五,2,E1-102
53012CO3020-*,四,5,E1-109
53012CO3020-*,四,6,E1-109
53012CO3020-*,五,4,E1-109
53013CO3024-*,三,A,E1-219
53013CO3024-*,三,B,E1-219
53013CO3024-*,三,C,E1-219
53014CO3026-*,六,A,E1-109
53014CO3026-*,六,B,E1-109
53014CO3026-*,六,C,E1-109
53015CO3027-*,五,5,E1-219
53015CO3027-*,五,6,E1-219
53015CO3027-*,五,7,E1-219
53016CO3028-*,一,7,E1-102
53016CO3028-*,一,8,E1-102
53016CO3028-*,一,9,E1-102
53017CO4003-*,五,5,E1-111
53017CO4003-*,五,6,E1-111
53017CO4003-*,五,7,E1-111
08031SC0004-10,二,Z,E1-105
08031SC0004-10,三,Z,E1-105
56001IP2002-*,六,7,E1-107
56001IP2002-*,六,8,E1-107
56001IP2002-*,六,9,E1-107
00061LN1004-A,三,3,TR-A205
00061LN1004-A,三,4,TR-A205
00061LN1004-A,一,5,E1-134
00061LN1004-A,一,A,E-134
00065LN1004-E,三,3,E1-134
00065LN1004-E,三,4,E1-134
00065LN1004-E,一,5,LH-106
00065LN1004-E,一,A,TR-A204
00067LN1004-G,三,3,E1-136
00067LN1004-G,三,4,E1-136
00067LN1004-G,一,5,E1-136
00067LN1004-G,一,A,TR-A201
01027PE1022-1,五,7,YH-YH-1
01027PE1022-1,五,8,YH-YH-1
08007SC0004-H,五,5,S1-804
08007SC0004-H,五,6,S1-804
21007MA1004-A,二,1,S1-625
21007MA1004-A,二,2,S1-625
21007MA1004-A,四,3,S1-625
21007MA1004-A,四,4,S1-625
21008MA1004-B,二,1,S-112
21008MA1004-B,二,2,S-112
21008MA1004-B,四,3,S-112
21008MA1004-B,四,4,S-112
22017PH1032-C,一,3,S1-713
22017PH1032-C,一,4,S1-713
22017PH1032-C,三,1,S1-713
22017PH1032-C,三,2,S1-713
61001AP1001-*,二,5,S1-713
61001AP1001-*,二,6,S1-713
61002AP1006-*,一,6,S1-625
61002AP1006-*,一,7,S1-625
61005AP2050-*,四,1,S1-713
61005AP2050-*,四,2,S1-713
61003AP2008-*,二,5,S1-802
61003AP2008-*,二,6,S1-802
61003AP2008-*,四,3,S1-802
61003AP2008-*,四,4,S1-802
61004AP2010-*,一,1,S1-625
61004AP2010-*,三,5,S1-625
61004AP2010-*,三,6,S1-625
61007AP3004-*,一,3,S1-625
61007AP3004-*,一,4,S1-625
61007AP3004-*,五,2,S1-625
61006AP3002-*,三,1,S1-625
61006AP3002-*,三,2,S1-625
61006AP3002-*,五,5,S1-625
61006AP3002-*,五,6,S1-625
61008AP3031-*,四,2,S1-804
61008AP3031-*,四,3,S1-804
61008AP3031-*,四,4,S1-804
61009AP3050-*,三,5,S1-713
61009AP3050-*,三,6,S1-713
61009AP3050-*,四,5,S1-713
61010AP3080-*,三,7,S1-713
61010AP3080-*,三,8,S1-713
61011AP3111-*,三,3,S1-804
61011AP3111-*,三,4,S1-804
61012AP4015-*,一,2,S1-713
61012AP4015-*,四,6,S1-713
61012AP4015-*,五,3,S1-713
61012AP4015-*,五,4,S1-713
61017AP4051-*,三,7,S1-803
61019AP4054-*,三,7,S1-803
61019AP4054-*,三,8,S1-803
61013AP4020-*,一,5,S1-802
61013AP4020-*,一,6,S1-802
61013AP4020-*,一,7,S1-802
61014AP4023-*,二,5,S1-804
61014AP4023-*,二,6,S1-804
61014AP4023-*,五,2,S1-804
61015AP4024-*,三,Z,S1-802
61015AP4024-*,三,5,S1-802
61015AP4024-*,三,6,S1-802
61016AP4041-*,五,3,S1-625
61016AP4041-*,五,4,S1-625
61018AP4053-*,四,7,S1-802
61018AP4053-*,四,8,S1-802
61020AP4064-*,三,A,S1-713
61020AP4064-*,三,B,S1-713
61020AP4064-*,三,C,S1-713
61029AP6101-*,五,2,S1-803
61029AP6101-*,五,3,S1-803
61029AP6101-*,五,4,S1-803
61037AP8107-*,一,3,S1-804
61037AP8107-*,一,4,S1-804
61037AP8107-*,一,Z,S1-804
61043AP4055-*,一,4,S1-625
62069GP8009-*,一,3,S-215-1
62069GP8009-*,一,4,S-215-1
62070GP5026-*,五,7,S-218-1
62070GP5026-*,五,8,S-218-1
01019PE1022-S,四,5,YH-YH-1
01019PE1022-S,四,6,YH-YH-1
08008SC0004-I,六,3,S-112
08008SC0004-I,六,4,S-112
22021PH1032-G,一,3,S-112
22021PH1032-G,一,4,S-112
22021PH1032-G,三,1,S-112
22021PH1032-G,三,2,S-112
62001GP1014-*,三,A,S-112
62001GP1014-*,三,B,S-112
62002GP1017-*,五,5,S-218
62002GP1017-*,五,6,S-218
62003GP1020-*,一,7,S-215-1
62007GP2032-A,三,5,S-112
62007GP2032-A,三,6,S-112
62008GP2032-B,三,5,S-114
62008GP2032-B,三,6,S-114
62004GP2002-*,一,6,S-218
62004GP2002-*,一,7,S-218
62004GP2002-*,一,8,S-218
62005GP2014-*,一,5,S-112
62005GP2014-*,一,6,S-112
62005GP2014-*,一,7,S-112
62006GP2020-*,二,2,S-114
62006GP2020-*,五,1,S-114
62006GP2020-*,五,2,S-114
62009GP2035-*,二,7,R2-115
62009GP2035-*,五,6,R2-115
62009GP2035-*,五,7,R2-115
62010GP2057-*,五,7,S-218
62010GP2057-*,五,8,S-218
62010GP2057-*,五,9,S-218
62011GP2059-*,四,3,S-215-1
62011GP2059-*,四,4,S-215-1
62012GP2065-*,三,5,S-215-1
62012GP2065-*,三,6,S-215-1
62013GP2067-*,五,5,S-114
62013GP2067-*,五,6,S-114
62014GP2068-*,五,5,S-135
62014GP2068-*,五,6,S-135
62015GP3008-*,五,A,S-218
62015GP3008-*,五,B,S-218
62015GP3008-*,五,C,S-218
62016GP3012-*,三,8,S-114
62016GP3012-*,四,1,S-114
62016GP3012-*,四,2,S-114
62017GP3014-*,四,3,S-114
62017GP3014-*,四,4,S-114
62018GP3015-*,一,Z,S-112
62018GP3015-*,二,Z,S-112
62018GP3015-*,四,Z,S-112
62019GP3019-*,二,7,S-112
62019GP3019-*,二,8,S-112
62019GP3019-*,二,9,S-112
62020GP3024-*,三,3,S-215-1
62020GP3024-*,三,4,S-215-1
62020GP3024-*,四,9,S-215-1
62021GP3028-*,五,7,S-114
62021GP3028-*,五,8,S-114
62022GP3034-*,一,2,S-114
62022GP3034-*,二,5,S-114
62022GP3034-*,二,6,S-114
62023GP3036-*,五,5,S-130
62023GP3036-*,五,6,S-130
62024GP3053-*,三,7,S-215-1
62024GP3053-*,三,8,S-215-1
62024GP3053-*,三,9,S-215-1
62025GP3063-*,三,3,S-112
62025GP3063-*,三,4,S-112
62025GP3063-*,三,Z,S-112
62026GP3072-*,三,7,S-112
62026GP3072-*,三,8,S-112
62026GP3072-*,三,9,S-112
62027GP3085-*,一,5,S-118
62027GP3085-*,一,6,S-118
62027GP3085-*,一,7,S-118
62028GP3088-*,一,3,S-218
62028GP3088-*,一,4,S-218
62028GP3088-*,三,2,S-215-1
62029GP3096-*,五,3,S-114
62029GP3096-*,五,4,S-114
66009HS6063-*,一,5,S-114
66009HS6063-*,一,6,S-114
66009HS6063-*,一,7,S-114
62030GP4010-*,四,3,S-118
62030GP4010-*,四,4,S-118
62031GP4024-*,一,3,S-118
62031GP4024-*,一,4,S-118
62031GP4024-*,三,2,S-118
62032GP4070-*,四,6,S-112
62032GP4070-*,四,7,S-112
62032GP4070-*,四,8,S-112
62033GP4088-A,五,Z,*-老師
62034GP4088-B,五,Z,*-老師
62035GP4090-*,五,Z,*-老師
64005AG7044-*,二,2,S-130
64005AG7044-*,二,3,S-130
64005AG7044-*,二,4,S-130
64007AG7051-*,一,7,S-253
64007AG7051-*,一,8,S-253
64010AG7072-*,四,6,S-253
64010AG7072-*,四,7,S-253
64010AG7072-*,四,8,S-253
64017AG7104-*,三,2,S-130
64017AG7104-*,三,3,S-130
64017AG7104-*,三,4,S-130
64018AG7106-*,一,6,S-130
64018AG7106-*,一,7,S-130
64018AG7106-*,一,8,S-130
64021AG7111-*,一,2,S-130
64021AG7111-*,一,3,S-130
64021AG7111-*,一,4,S-130
64024AG7117-*,三,7,S-130
64024AG7117-*,三,8,S-130
64024AG7117-*,三,9,S-130
64025AG7125-*,三,7,S-253
64025AG7125-*,三,8,S-253
66008HS6048-*,三,2,S-325
66008HS6048-*,三,3,S-325
66008HS6048-*,三,4,S-325
66010HS6074-*,四,6,S-325
66010HS6074-*,四,7,S-325
66010HS6074-*,四,8,S-325
61040AP2101-*,一,9,*-***
61041AP2102-*,五,9,*-***
65002GA2004-*,三,5,S1-716
65002GA2004-*,三,6,S1-716
65002GA2004-*,三,7,S1-716
01028PE1022-2,五,7,YH-YH-1
01028PE1022-2,五,8,YH-YH-1
08032SC0004-11,六,1,S-114
08032SC0004-11,六,2,S-114
22001PH1004-G,二,8,S4-101
22001PH1004-G,二,9,S4-101
22001PH1004-G,二,A,S4-101
22016PH1032-B,一,3,TR-A201
22016PH1032-B,一,4,TR-A201
22016PH1032-B,三,1,TR-A201
22016PH1032-B,三,2,TR-A201
65001GA2002-*,一,Z,S-118
63010SS3004-*,一,6,S4-811
63010SS3004-*,三,7,S4-811
63010SS3004-*,三,8,S4-811
63011SS3005-*,一,3,S4-811
63011SS3005-*,一,4,S4-811
63011SS3005-*,三,6,S4-811
63012SS3010-*,一,5,S4-811
63012SS3010-*,三,3,S4-811
63012SS3010-*,三,4,S4-811
63013SS3011-*,二,5,S4-811
63013SS3011-*,四,5,S4-811
63013SS3011-*,四,6,S4-811
65003GA3002-*,六,B,*-***
65004GA4002-*,六,B,*-***
63003SS1011-*,一,7,S4-811
63003SS1011-*,一,8,S4-811
63004SS1012-*,三,6,S4-807
63015SS3025-*,五,3,S4-807
63015SS3025-*,五,4,S4-807
08029SC0004-4,五,5,S4-811
08029SC0004-4,五,6,S4-811
63001SS1003-*,四,7,S4-815-1
63001SS1003-*,四,8,S4-815-1
63002SS1005-*,二,5,S4-815-1
63002SS1005-*,二,6,S4-815-1
63005SS2004-*,四,2,S4-811
63005SS2004-*,五,3,S4-811
63005SS2004-*,五,4,S4-811
63006SS2006-*,二,1,S4-811
63006SS2006-*,二,2,S4-811
63006SS2006-*,四,3,S4-811
63006SS2006-*,四,4,S4-811
63007SS2008-*,六,7,*-***
63007SS2008-*,六,8,*-***
63008SS2013-*,一,7,S4-807
63008SS2013-*,一,8,S4-807
63008SS2013-*,三,5,S4-807
63009SS2014-*,一,6,S4-807
63009SS2014-*,三,7,S4-807
63009SS2014-*,三,8,S4-807
63014SS3018-*,三,Z,S4-810
63014SS3018-*,三,5,S4-810
63014SS3018-*,五,Z,S4-810
63016SS3035-*,四,A,S4-811
63016SS3035-*,四,B,S4-811
63016SS3035-*,四,C,S4-811
63017SS4020-*,二,3,S4-811
63017SS4020-*,二,4,S4-811
63017SS4020-*,二,Z,S4-811
77005HK1014-*,五,3,HK-116
77005HK1014-*,五,4,HK-116
77010HK2014-*,五,5,HK-104
77010HK2014-*,五,6,HK-104
77016HK2038-*,三,5,HK-115
77016HK2038-*,三,6,HK-115
77016HK2038-*,三,7,HK-115
77018HK2046-*,三,5,HK-116
77018HK2046-*,三,6,HK-116
77018HK2046-*,三,7,HK-116
77019HK3021-*,一,5,HK-210
77019HK3021-*,一,6,HK-210
77019HK3021-*,一,7,HK-210
77020HK3022-*,二,5,HK-210
77020HK3022-*,二,6,HK-210
77020HK3022-*,二,7,HK-210
77021HK3029-*,二,6,HK-104
77021HK3029-*,二,7,HK-104
77021HK3029-*,二,8,HK-104
77022HK4021-*,六,3,HK-115
77022HK4021-*,六,4,HK-115
77023HK4022-*,二,2,HK-216
77023HK4022-*,二,3,HK-216
77023HK4022-*,二,4,HK-216
77024HK4045-*,三,3,HK-210
77024HK4045-*,三,4,HK-210
01030PE1022-4,三,5,YH-YH-1
01030PE1022-4,三,6,YH-YH-1
77001HK1002-A,五,3,HK-216
77001HK1002-A,五,4,HK-216
77002HK1002-B,三,7,HK-104
77002HK1002-B,三,8,HK-104
77003HK1006-*,四,3,HK-115
77003HK1006-*,四,4,HK-115
77004HK1010-*,一,6,HK-115
77004HK1010-*,一,7,HK-115
77006HK1015-*,四,6,HK-115
77006HK1015-*,四,7,HK-115
77006HK1015-*,四,8,HK-115
77007HK1020-*,五,5,HK-116
77007HK1020-*,五,6,HK-116
77008HK2002-A,二,5,HK-216
77008HK2002-A,二,6,HK-216
77009HK2002-B,四,5,HK-104
77009HK2002-B,四,6,HK-104
77011HK2022-*,一,5,HK-216
77011HK2022-*,一,6,HK-216
77011HK2022-*,一,7,HK-216
77012HK2024-*,四,2,HK-104
77012HK2024-*,四,3,HK-104
77012HK2024-*,四,4,HK-104
77013HK2032-*,五,2,HK-115
77013HK2032-*,五,3,HK-115
77013HK2032-*,五,4,HK-115
77014HK2033-*,三,2,HK-115
77014HK2033-*,三,3,HK-115
77014HK2033-*,三,4,HK-115
77015HK2037-*,二,7,HK-115
77015HK2037-*,二,8,HK-115
77015HK2037-*,二,9,HK-115
77017HK2040-*,二,7,HK-216
77017HK2040-*,二,8,HK-216
24002LS1004-*,五,5,S5-113
24002LS1004-*,五,6,S5-203
24002LS1004-*,五,7,S5-203
24003LS1006-*,一,6,S5-112
24010LS2016-*,二,7,S5-112
24010LS2016-*,二,8,S5-112
24022LS5016-*,五,2,I-202
24022LS5016-*,五,3,I-202
24022LS5016-*,五,4,I-202
24028LS5073-*,五,6,S5-113
24028LS5073-*,五,7,S5-113
24028LS5073-*,五,8,S5-113
24031LS5100-*,三,5,S5-101
24031LS5100-*,三,6,S5-101
24045LS7000-*,二,4,S5-101
24055LS4020-*,三,2,S5-112
24055LS4020-*,三,3,S5-112
24055LS4020-*,三,4,S5-112
22028PH1038-*,二,7,S5-113
22028PH1038-*,二,8,S5-113
22028PH1038-*,四,5,S5-113
22028PH1038-*,四,6,S5-113
24005LS1020-*,四,7,S5-113
24005LS1020-*,四,8,S5-113
24030LS5094-*,三,7,S5-101
24030LS5094-*,三,8,S5-101
24054LS6136-*,五,7,S5-112
24054LS6136-*,五,8,S5-112
24054LS6136-*,五,9,S5-112
24013LS3016-*,二,7,S5-111
24013LS3016-*,二,8,S5-111
24015LS3020-*,一,5,S5-113
24015LS3020-*,一,6,S5-214
24015LS3020-*,一,7,S5-214
24023LS5024-*,四,7,S5-105
24023LS5024-*,四,8,S5-105
24024LS5038-*,四,6,S5-204
24024LS5038-*,四,7,S5-204
24024LS5038-*,四,8,S5-204
24025LS5040-*,一,5,S5-111
24025LS5040-*,一,6,S5-111
24025LS5040-*,一,7,S5-111
24026LS5055-*,二,7,S5-106
24026LS5055-*,二,8,S5-106
24026LS5055-*,二,9,S5-106
24027LS5070-*,四,2,I-002
24027LS5070-*,四,3,I-002
24027LS5070-*,四,4,I-002
24029LS5090-*,一,7,S5-113
24029LS5090-*,一,8,S5-113
24036LS6024-*,三,2,S5-113
24036LS6024-*,三,3,S5-113
24036LS6024-*,三,4,S5-113
24037LS6120-*,五,3,S5-106
24037LS6120-*,五,4,S5-106
24037LS6120-*,五,Z,S5-106
24038LS6122-*,一,1,S5-111
24038LS6122-*,一,8,S5-111
24038LS6122-*,一,9,S5-111
24039LS6124-*,五,7,S5-105
24039LS6124-*,五,8,S5-105
24039LS6124-*,五,9,S5-105
24040LS6126-*,三,Z,S5-111
24040LS6126-*,三,8,S5-111
24040LS6126-*,三,9,S5-111
24041LS6128-*,三,Z,S5-105
24041LS6128-*,三,8,S5-105
24041LS6128-*,三,9,S5-105
24042LS6130-*,一,1,S5-105
24042LS6130-*,一,8,S5-105
24042LS6130-*,一,9,S5-105
24043LS6132-*,三,1,S5-106
24043LS6132-*,三,Z,S5-106
24043LS6132-*,三,9,S5-106
24044LS6134-*,三,7,S5-113
24044LS6134-*,三,8,S5-113
24044LS6134-*,三,9,S5-113
24051LS7016-*,二,5,I-002
24051LS7016-*,二,6,I-002
24051LS7016-*,二,7,I-002
24052LS7021-*,三,5,S5-111
24052LS7021-*,三,6,S5-111
24052LS7021-*,三,7,S5-111
24032LS6006-A,二,1,S5-112
24032LS6006-A,二,2,S5-112
24033LS6006-B,二,7,S5-105
24033LS6006-B,二,8,S5-105
85006BM2031-*,一,2,E2-128
85006BM2031-*,一,3,E2-128
85006BM2031-*,一,4,E2-128
85011BM2041-*,四,2,R3-106
85011BM2041-*,四,3,R3-106
85011BM2041-*,四,4,R3-106
85014BM2045-*,二,5,R3-113
85014BM2045-*,二,6,R3-113
85018BM3034-*,五,5,I1-002
85018BM3034-*,五,6,I1-002
85018BM3034-*,五,7,I1-002
85001BM1009-*,四,5,R3-117
85001BM1009-*,四,6,R3-117
85001BM1009-*,四,7,R3-117
85002BM1010-*,四,5,S1-226
85002BM1010-*,四,6,S1-226
85002BM1010-*,四,7,S1-226
85003BM1011-*,二,5,R3-106
85003BM1011-*,二,6,R3-106
85003BM1011-*,二,7,R3-106
85007BM2035-*,五,5,S1-226
85007BM2035-*,五,6,S1-226
85004BM2011-*,五,2,R3-106
85004BM2011-*,五,3,R3-106
85004BM2011-*,五,4,R3-106
85005BM2013-*,四,5,R3-106
85005BM2013-*,四,6,R3-106
85005BM2013-*,四,7,R3-106
85008BM2037-*,六,1,*-***
85009BM2039-*,三,2,R3-113
85009BM2039-*,三,3,R3-113
85009BM2039-*,三,4,R3-113
85010BM2040-*,一,6,R3-106
85010BM2040-*,一,7,R3-106
85010BM2040-*,一,8,R3-106
85012BM2042-*,五,5,R3-106
85012BM2042-*,五,6,R3-106
85012BM2042-*,五,7,R3-106
85013BM2043-*,三,6,R3-106
85013BM2043-*,三,7,R3-106
85013BM2043-*,三,8,R3-106
85015BM3006-*,五,5,R3-113
85015BM3006-*,五,6,R3-113
85015BM3006-*,五,7,R3-113
85016BM3022-*,一,2,R3-106
85016BM3022-*,一,3,R3-106
85016BM3022-*,一,4,R3-106
85017BM3029-*,四,5,R3-113
85017BM3029-*,四,6,R3-113
85017BM3029-*,四,7,R3-113
85019BM4003-*,六,1,*-***
85019BM4003-*,六,2,*-***
80001SA5002-*,五,5,TR-501
80001SA5002-*,五,6,TR-501
80001SA5002-*,五,7,TR-501
80002SA5008-*,五,1,S-215-1
80002SA5008-*,五,2,S-215-1
80003SA5010-*,二,6,S1-716
80003SA5010-*,二,7,S1-716
80003SA5010-*,二,8,S1-716
80004SA5012-*,四,6,S-130
80004SA5012-*,四,7,S-130
80004SA5012-*,四,8,S-130
80005SA5013-*,二,6,TR-501
80005SA5013-*,二,7,TR-501
80005SA5013-*,二,8,TR-501
80006SA5015-*,四,5,E2-306
80006SA5015-*,四,6,E2-306
80006SA5015-*,四,7,E2-306
80007SA5016-*,一,7,E2-410
80007SA5016-*,一,8,E2-410
80007SA5016-*,一,9,E2-410
80008SA5017-*,三,3,E2-305
80008SA5017-*,三,4,E2-305
80008SA5017-*,四,5,E2-305
80009SA5018-*,四,2,E3-207
80009SA5018-*,四,3,E3-207
80009SA5018-*,四,4,E3-207
80010SA5019-*,四,A,E-250
80010SA5019-*,四,B,E-250
80010SA5019-*,四,C,E-250
80011SA5032-*,四,2,E6-B142
80011SA5032-*,四,3,E6-B142
80011SA5032-*,四,4,E6-B142
80012SA5033-*,四,6,E6-B142
80012SA5033-*,四,7,E6-B142
80012SA5033-*,四,8,E6-B142
80013SA5034-*,一,6,TR-501
80013SA5034-*,一,7,TR-501
80013SA5034-*,一,8,TR-501
80014SA5035-*,三,2,TR-503
80014SA5035-*,三,3,TR-503
80014SA5035-*,三,4,TR-503
80015SA5036-*,一,2,TR-503
80015SA5036-*,一,3,TR-503
80015SA5036-*,一,4,TR-503
80016SA5037-*,四,3,TR-501
80016SA5037-*,四,4,TR-501
80016SA5037-*,四,Z,TR-501
80017SA5038-*,五,2,TR-501
80017SA5038-*,五,3,TR-501
80017SA5038-*,五,4,TR-501
